id,sentence_en,sentence_zh,grammar,new_words,phrases,review_note,covered_ids
1,"Hello! Hi! How do you do, good people of Hogwarts?",你好！嗨！你们好吗，霍格沃茨善良的人们？,问候句：Hello 和 Hi 都是打招呼用语；How do you do？是正式问候，意为“你们好”。句子短、有感叹号，读出热情。,hello|/hə'ləʊ/|interj.|你好；喂; how|/haʊ/|adv.|怎样；如何; do|/duː; də/|aux v. & v.|（第三人称单数形式 does /dʌz/）用于构成否定句和疑问句；做；干; you|/juː; ju/|pron.|你；您；你们; people|/'piːpl/|n.|人；人们; hi|/haɪ/|interj.|嗨；喂; good|/ɡʊd/|adj.|好的,How do you do?|你们好吗（正式问候）,第 1 天，全是新词，无旧词；请大声朗读 3 遍。,"1,2,3,4,5,6,7"
2,"Good morning, class! Sit down, please! And good morning, Ms Smith!",同学们，早上好！请坐！史密斯女士，您也早上好！,"祈使句：Sit down, please. 以动词原形开头表示吩咐或请求，please 让语气更礼貌。good morning 是上午问候语；Ms 用在女子的姓氏前，Ms Smith＝史密斯女士。",morning|/'mɔːnɪŋ/|n.|早晨；上午; and|/ænd; ənd/|conj.|和；又; Ms|/mɪz; məz/||（用于女子的姓氏或姓名前，不指明婚否）女士; class|/klɑːs/|n.|班级；课; sit|/sɪt/|v.|坐; down|/daʊn/|adv.|下；向下; please|/pliːz/|interj.|（用于客气地请求或吩咐）请,good morning|早上好; sit down|坐下; Ms Smith|史密斯女士,今日回读：请重新朗读背诵第 1 天的句子。重现旧词：good（第 1 天），把问候从 hello/hi 升级到 good morning。,"8,9,10,11,12,13,14"
3,I am Harry. Can I say thank you to the good people?,我是哈利。我能向这些好心的人们说声谢谢吗？,be 动词：I 后面用 am（I am…＝我是……）。can 是情态动词，后接动词原形，表示“能、可以”；say thank you to sb. 表示“向某人道谢”。,"can|/kæn; kən/|modal v.|能；会; say|/seɪ/|v.|说; to|/tuː; tə/|prep.|常用于原形动词之前，表示该动词为不定式；朝；至; the|/ðiː; ðə, ði/|art.|指已提到或易领会到的人或事物; I|/aɪ/|pron.|我; am|/æm; əm/|v.|是; thank|/θæŋk/|v.|感谢；谢谢",I am…|我是……; say thank you to sb.|向某人说谢谢,今日回读：请重新朗读背诵第 2、1 天的句子。本句重现旧词：you、good、people，继续复习问候场景。,"15,16,17,18,19,20,21"
4,"So, what is my name? My name is Harry — nice to meet you!",那么，我叫什么名字呢？我叫哈利——很高兴见到你！,自我介绍句型 My name is…＝我的名字是……。what 引导特殊疑问句，问“什么”；Nice to meet you 是初次见面时的礼貌用语，so 放句首引出话题。,my|/maɪ/|pron.|我的; name|/neɪm/|n.|名字；名称; is|/ɪz/|v.|是; nice|/naɪs/|adj.|令人愉快的；宜人的; meet|/miːt/|v.|遇见；相逢; so|/səʊ/|conj. & adv.|用来引出评论或问题；所以；这么；那么; what|/wɒt/|pron. & adj.|什么,My name is…|我的名字是……; nice to meet you|很高兴见到你,今日回读：请重新朗读背诵第 3、2 天的句子。重现旧词：to、you；be 动词从 am 扩展到 is（My name is…）。,"22,23,24,25,26,27,28"
5,We are a good class! Please call me Harry — your name is nice too. Goodbye!,我们是个好班级！请叫我哈利——你的名字也很好听。再见！,are 用于主语是 we 的句子（We are…）；call me＋名字＝叫我……；too 放句尾表示“也”；please 放句首让请求更礼貌。,your|/jɔː(r); jə(r)/|pron.|你的；您的；你们的; too|/tuː/|adv.|也；又；太; a|/eɪ; ə/ (an /æn; ən/)|art.|（用于单数可数名词前，表示未曾提到的）一（人、事、物）; are|/ɑː(r); ə(r)/|v.|是; goodbye|/ˌɡʊd'baɪ/|interj. & n.|再见；再会; call|/kɔːl/|v. & n.|把……叫作；（给……）打电话；呼唤；打电话；大声呼叫; me|/miː; mi/|pron.|（I 的宾格）我,call me…|叫我……; a good class|一个好班级,今日回读：请重新朗读背诵第 4、3、1 天的句子。重现旧词：you、Ms、name、is、nice、so；be 动词 am/is/are 至此学全。重现旧词：your、are、name、is、nice；be 动词 am/is/are 至此学全。,"29,30,31,32,33,34,35"
6,"Bye, bye! Let us go — that is fine, that is great!",拜拜！我们走吧——这样很好，这样太棒了！,祈使句 Let us…＝让我们……（常缩写为 let's…）。that is…用来指代刚说到的事情；fine 和 great 都作表语，表示“好／棒”。,fine|/faɪn/|adj.|健康的；美好的; great|/ɡreɪt/|adj.|美妙的；伟大的; that|/ðæt/|pron.|那；那个; let|/let/|v.|允许；让; us|/ʌs; əs/|pron.|（we 的宾格）我们; go|/ɡəʊ/|v.|去；走; bye|/baɪ/ (= goodbye)|interj.|再见,let us go|我们走吧; that is great|那太棒了,今日回读：请重新朗读背诵第 5、4、2 天的句子。重现旧词：is、goodbye 的同义表达 bye（第 5 天学过 goodbye）。,"36,37,38,39,40,41,42"
7,"In the morning it is time for class — keep it tidy, and have a nice time at Hogwarts!",早上该上课了——保持整洁，祝你在霍格沃茨过得愉快！,句型 It is time for…＝到……的时间了；in the morning 表示“在早上”。祈使句 keep…tidy＝保持……整洁；have a nice time 表示“玩得开心、过得愉快”。学校名前用 at（at Hogwarts）。,it|/ɪt/|pron.|它; time|/taɪm/|n.|时间；次; for|/fɔː(r); fə(r)/|prep.|为了；给；对; keep|/kiːp/|v.|（使）保持; tidy|/'taɪdi/|adj.|整洁的；井井有条的; have|/hæv; həv/|v.|（第三人称单数形式 has /hæz; həz/）有; in|/ɪn/|prep.|在……里；表示某事完成或发生的方式,It is time for…|到……的时间了; keep tidy|保持整洁; have a nice time|过得愉快,今日回读：请重新朗读背诵第 6、5、3 天的句子。本句重现旧词：class、nice、a、and、is。重现旧词：morning、class、nice、a、and、is。,"43,44,45,46,47,48,49"
8,"I have a schoolbag, a cap, a ruler and a pencil — brown, black and yellow!",我有一个书包、一顶帽子、一把尺和一支铅笔——棕色的、黑色的和黄色的！,have 表示“有”（I have…＝我有……）。多个物品并列时，最后两项之间用 and 连接；brown、black、yellow 是颜色词，在句中说明物品的颜色。,schoolbag|/'skuːlbæɡ/|n.|书包; cap|/kæp/|n.|（无帽边或有帽舌的）帽子；棒球帽; ruler|/'ruːlə(r)/|n.|尺；直尺; pencil|/'pensl/|n.|铅笔; brown|/braʊn/|adj. & n.|棕色（的）；褐色（的）; black|/blæk/|adj. & n.|黑色（的）; yellow|/'jeləʊ/|adj. & n.|黄色（的）,"in the schoolbag|在书包里; brown, black and yellow|棕色、黑色和黄色",今日回读：请重新朗读背诵第 7、6、4、1 天的句子。重现旧词：I、have、a、and；have 从第 7 天的 have a nice time 扩展为“拥有”。,"50,51,52,53,54,55,56"
9,"What colour are your trousers? Orange, green, blue, white and red!",你的裤子是什么颜色的？橙色、绿色、蓝色、白色和红色的！,What colour…? 用来询问颜色。trousers（裤子）是复数名词，be 动词要用 are；回答时颜色词可以直接并列。,orange|/'ɒrɪndʒ/|adj. & n.|橙红色（的）；橘黄色（的）；橙子；柑橘; green|/ɡriːn/|adj. & n.|绿色（的）; blue|/bluː/|adj. & n.|蓝色（的）; white|/waɪt/|adj. & n.|白色（的）; red|/red/|adj. & n.|红色（的）; colour|/'kʌlə(r)/ (= color)|n.|颜色; trousers|/'traʊzəz/|n. (pl.)|裤子,what colour|什么颜色; your trousers|你的裤子,今日回读：请重新朗读背诵第 8、7、5、2 天的句子。重现旧词：what、are、your、and；颜色词接第 8 天的 brown/black/yellow 继续扩充。,"57,58,59,60,61,62,63"
10,Where are they? Put the shoes and the bicycle by the bed and the desk!,它们在哪里？把鞋子和自行车放到床边和书桌旁！,where 引导特殊疑问句，问“在哪里”（Where are they?＝它们在哪里）。祈使句 put…by…＝把……放在……旁边；鞋一般成对，用复数 shoes。,they|/ðeɪ/|pron.|他（她、它）们; bicycle|/'baɪsɪkl/ (= bike /baɪk/)|n.|自行车；脚踏车; shoe|/ʃuː/|n.|鞋; where|/weə(r)/|adv.|在哪里；到哪里; put|/pʊt/|v.|放; bed|/bed/|n.|床; desk|/desk/|n.|书桌,put…by…|把……放在……旁边; by the bed|在床边,今日回读：请重新朗读背诵第 9、8、6、3 天的句子。重现旧词：are、the、and；疑问词从 what 扩展到 where，疑问句句型保持一致。重现旧词：are、they、the、and、bed；疑问词从 what 扩展到 where，疑问句句型保持一致。,"64,65,66,67,68,69,70"
11,"Some socks are on the chair, and a pair of shoes is under it.",一些短袜在椅子上，椅子下面有一双鞋。,介词 on 和 under 表示“在……上／在……下”。a pair of 加复数名词表示“一双……”，some 后面接复数名词 socks。,chair|/tʃeə(r)/|n.|椅子; sock|/sɒk/|n.|短袜; some|/sʌm; səm/|adj. & pron.|一些；某些；有些；有的; pair|/peə(r)/|n.|一双；一对; of|/ɒv; əv/|prep.|属于（某人）；关于（某人）; on|/ɒn/|prep.|在……上; under|/'ʌndə(r)/|prep.|在……下,a pair of|一双……; on the chair|在椅子上; under it|在它下面,今日回读：请重新朗读背诵第 10、9、7、4 天的句子。自然重现旧词：shoe（复数 shoes）、and、the、are、is、it、a。,"71,72,73,74,75,76,77"
12,"""Mum, I cannot find my new shoes in the room!"" ""OK, Ron — no problem! They are under the bed — keep your room tidy!""",“妈妈，我在房间里找不到我的新鞋了！”“好了，罗恩——没问题！它们在床底下——要保持房间整洁哦！”,cannot（不能）加动词原形表示“不能做某事”，cannot 常缩写为 can't；in the room 用介词 in，under the bed 用介词 under；keep your room tidy 是祈使句，用来提出建议。,mum|/mʌm/ (= mom /mɒm/)|n.|妈妈; not|/nɒt/|adv.|不；没有; find|/faɪnd/|v.|找到；发现; new|/njuː/|adj.|新的；刚出现的; no|/nəʊ/|interj. & adj.|不；不要；没有；不是; room|/ruːm/|n.|房间; OK|/əʊ'keɪ/|interj. & adj. & adv.|好；行；可以（的）,in the room|在房间里; under the bed|在床底下; keep your room tidy|保持房间整洁,今日回读：请重新朗读背诵第 11、10、8、5 天的句子。自然重现旧词：can、my、in、shoe（shoes）、they、under（第 11 天）、bed（第 10 天）、keep、tidy、your、I。,"78,79,80,81,82,83,84"
13,"Sorry, Dad, your glasses are on your head — I can see them! Welcome to my room, Harry!",对不起，爸爸，你的眼镜就在你头上——我能看见它们！哈利，欢迎来我的房间！,宾格 them 指代上文复数名词 glasses；on your head 是介词短语；Welcome to 加地点表示“欢迎来到……”（罗恩请哈利参观自己的房间）。,"sorry|/'sɒri/|adj.|抱歉的；惋惜的; dad|/dæd/|n.|爸爸; glasses|/'ɡlɑːsɪz/|n. (pl.)|眼镜; see|/siː/|v.|看见; them|/ðem; ðəm/|pron.|（they 的宾格）他（她、它）们; head|/hed/|n.|头; welcome|/'welkəm/|adj. & interj., v. & n.|受欢迎的；欢迎",on your head|在你头上; welcome to|欢迎来到……,今日回读：请重新朗读背诵第 12、11、9、6 天的句子。自然重现旧词：your、can、my、on、room（承接第 12 天房间场景）、I。,"85,86,87,88,89,90,91"
14,"These baby chickens are brown, and Mum's black cat puts her nose on the plant.",这些小鸡宝宝是棕色的，妈妈的黑猫把它的鼻子凑到植物上。,these 加复数名词表示“这些”。Mum's 是名词所有格，表示“妈妈的”；颜色词 brown、black 放在名词前作定语。,her|/hɜː(r); hə(r)/|pron.|她的; nose|/nəʊz/|n.|鼻子; cat|/kæt/|n.|猫; these|/ðiːz/|pron.|这些; plant|/plɑːnt/|n. & v.|植物；种植; baby|/'beɪbi/|n.|动物幼崽；婴儿; chicken|/'tʃɪkɪn/|n.|鸡；鸡肉,baby chickens|小鸡宝宝; black cat|黑猫; her nose|她的鼻子,今日回读：请重新朗读背诵第 13、12、10、7 天的句子。本句回顾颜色词 brown、black，动词 put（三单 puts）、介词 on，以及第 12 天的 Mum。,"92,93,94,95,96,97,98"
15,This dog and the rabbit are under the apple tree. Flowers and tomatoes are red.,这只狗和那只兔子在苹果树下面。花和西红柿都是红色的。,this 加单数名词表示“这个”。复数主语 flowers and tomatoes 后面 be 动词用 are；tomato 的复数要加 -es（tomatoes）。,dog|/dɒɡ/|n.|狗; rabbit|/'ræbɪt/|n.|兔子; tomato|/tə'mɑːtəʊ; tə'meɪtəʊ/|n.|(pl. tomatoes) 西红柿; flower|/'flaʊə(r)/|n.|花; apple|/'æpl/|n.|苹果; tree|/triː/|n.|树; this|/ðɪs/|pron.|这；这个,under the tree|在树下; apple tree|苹果树,今日回读：请重新朗读背诵第 14、13、11、8 天的句子。自然重现旧词：under（第 11 天）、red、and、the、are，承接第 14 天农场动物场景。,"99,100,101,102,103,104,105"
16,Those animals on the farm are ducks. My grandpa has many potatoes and chickens.,农场里那些动物是鸭子。我爷爷有许多土豆和鸡。,those 加复数名词表示“那些”，和 this、these 对应；many 加复数名词表示“许多”；potato 的复数是 potatoes。,those|/ðəʊz/|pron.|那些; animal|/'ænɪml/|n.|动物; duck|/dʌk/|n.|鸭子; potato|/pə'teɪtəʊ/|n.|(pl. potatoes) 土豆; many|/'meni/|adj. & pron.|许多; grandpa|/'ɡrænpɑː/ (= grandfather /'ɡrænfɑːðə(r)/)|n.|爷爷；外公; farm|/fɑːm/|n.|农场,on the farm|在农场; many potatoes|许多土豆,今日回读：请重新朗读背诵第 15、14、12、9、1 天的句子。自然重现旧词：my、on、the、and、have（三单 has）、chicken（第 14 天）。,"106,107,108,109,110,111,112"
17,"The farm has a small house, a big lake, cows, horses and sheep.",农场里有一座小房子、一个大湖，还有奶牛、马和绵羊。,名词复数：cow 变 cows、horse 变 horses，sheep 单复数同形。形容词 small、big 放在名词前面。,cow|/kaʊ/|n.|奶牛; small|/smɔːl/|adj.|小的; lake|/leɪk/|n.|湖; house|/haʊs/|n.|房子; horse|/hɔːs/|n.|马; sheep|/ʃiːp/|n.|(pl. sheep) 羊；绵羊; big|/bɪɡ/|adj.|大的,a big lake|一个大湖; cows and sheep|奶牛和绵羊,今日回读：请重新朗读背诵第 16、15、13、10、2 天的句子。自然重现旧词：farm（第 16 天）、have（has）、a、and、the。,"113,114,115,116,117,118,119"
18,Look! There is a kind pig on the grass. He is my uncle's baby pig.,看！草地上有一头友善的猪。它是我舅舅的猪宝宝。,there be 句型：There is 加单数名词，表示“有”；he 指代上文提到的动物；my uncle's 是名词所有格。,look|/lʊk/|v.|看；看起来; uncle|/'ʌŋkl/|n.|舅父；叔父；伯父；姑父；姨父; grass|/ɡrɑːs/|n.|草; kind|/kaɪnd/|n. & adj.|种类；体贴的；亲切的; he|/hiː; hi/|pron.|他; pig|/pɪɡ/|n.|猪; there|/ðeə(r)/|adv.|在那里,there is|有（接单数）; on the grass|在草地上; my uncle's|我舅舅的,今日回读：请重新朗读背诵第 17、16、14、11、3 天的句子。自然重现旧词：my、on、baby（第 14 天）、is、a、the。,"120,121,122,123,124,125,126"
19,Look at the pig! His beautiful home is behind the farm. We like it!,看那头猪！它美丽的家在农场后面。我们真喜欢它！,behind 表示“在……后面”；look at 加名词表示“看……”；his 是物主代词“他的”，指代上文的 pig。,behind|/bɪ'haɪnd/|prep.|在……的后面; home|/həʊm/|n.|家; beautiful|/'bjuːtɪfl/|adj.|美丽的; like|/laɪk/|v. & prep.|喜欢；例如；像……一样; his|/hɪz; ɪz/|pron.|他的; at|/æt; ət/|prep.|向；朝；在（某处、某时间或时刻）; we|/wiː; wi/|pron.|我们,look at|看……; behind the farm|在农场后面,今日回读：请重新朗读背诵第 18、17、15、12、4 天的句子。自然重现旧词：look（第 18 天）、pig（第 18 天）、farm（第 16、17 天）、the、it。,"127,128,129,130,131,132,133"
20,"""May I know your name, friend?"" Harry and Ron make friends and get apples from old Hagrid.",“朋友，我可以知道你的名字吗？”哈利和罗恩交上了朋友，还从老海格那里得到了苹果。,May I ...? 表示礼貌地请求“我可以……吗”；make friends 是固定搭配“交朋友”；get ... from 表示“从……得到……”。,make|/meɪk/|v.|使成为；制造; friend|/frend/|n.|朋友; get|/ɡet/|v.|去取（或带来）；得到; know|/nəʊ/|v.|知道; from|/frɒm; frəm/|prep.|从……来；从……开始; may|/meɪ/|modal v.|可以；可能; old|/əʊld/|adj.|老的；旧的,make friends|交朋友; get ... from|从……得到……,今日回读：请重新朗读背诵第 19、18、16、13、5 天的句子。自然重现旧词：and、your、name、apple（第 15 天）、I，为第 2 幕收尾。,"134,135,136,137,138,139,140"
21,"""Yes, I am Harry. Last year Mr Smith, our English teacher, had a dog on his farm.""",“是的，我是哈利。去年我们的英语老师史密斯先生在他农场里养了一只狗。”,一般过去时标志 last year，had 是 have 的过去式；Yes 用于应答；Mr 放在姓氏前称呼男士（Mr Smith＝史密斯先生）；our English teacher 跟在名字后面，说明史密斯先生是谁。,last|/lɑːst/|adj.|最后的；末尾的; year|/jɪə(r); jɜː(r)/|n.|年; yes|/jes/|interj.|是的；可以; Mr|/'mɪstə(r)/||（用于男子的姓氏或姓名前）先生; our|/ɑː(r); 'aʊə(r)/|pron.|我们的; English|/'ɪŋɡlɪʃ/|n. & adj.|英语；英格兰人；英语的；英格兰的; teacher|/'tiːtʃə(r)/|n.|教师,last year|去年; our English teacher|我们的英语老师; on the farm|在农场,今日回读：请重新朗读背诵第 20、19、17、14、6 天的句子。本句重现了 dog、farm、his、have（had）。,"141,142,143,144,145,146,147"
22,Who is she? She is a student of my age. Which job is her favourite?,她是谁？她和我同龄，是一名学生。她最喜欢的工作是什么？,who 问“谁”，which 问“哪一个”；of my age 表示“和我同龄的”，favourite 后常接名词。,which|/wɪtʃ/|pron.|哪一个；哪一些; who|/huː/|pron.|谁；什么人; job|/dʒɒb/|n.|工作; student|/'stjuːdnt/|n.|学生; age|/eɪdʒ/|n.|年龄; she|/ʃiː; ʃi/|pron.|她; favourite|/'feɪvərɪt/ (= favorite)|adj.|最喜欢的；最爱的,of my age|和我同龄; her favourite job|她最喜欢的工作,今日回读：请重新朗读背诵第 21、20、18、15、7 天的句子。自然重现旧词 is、a、of、my、her。,"148,149,150,151,152,153,154"
23,"I like my pet Hedwig very much — she is cute! Pandas in China are cute too, and China is hot.",我非常喜欢我的宠物海德薇——她很可爱！中国的熊猫也很可爱，而且中国很热。,like…very much 表示“非常喜欢”；very 可以修饰形容词（very cute）；这句话不再是比喻，熊猫和猫头鹰各说各的可爱。,pet|/pet/|n.|宠物; very|/'veri/|adv.|很；非常; cute|/kjuːt/|adj.|可爱的; much|/mʌtʃ/|adv. & pron. & adj.|非常；十分；许多；大量; China|/'tʃaɪnə/||中国; panda|/'pændə/|n.|熊猫; hot|/hɒt/|adj.|热的；炎热的,very much|非常; in China|在中国,今日回读：请重新朗读背诵第 22、21、19、16、8 天的句子。自然重现旧词 I、like、my、is、in，以及昨天的 she。,"155,156,157,158,159,160,161"
24,"Now Ron lives with his parents, and they also like Chinese food.",现在罗恩和爸爸妈妈住在一起，他们也喜欢中国菜。,一般现在时，主语 Ron 是第三人称单数，live 要加 -s；also 常放在实义动词前。,also|/'ɔːlsəʊ/|adv.|也；而且; now|/naʊ/|adv.|现在；目前; live|/lɪv/|v.|居住；生活; with|/wɪð; wɪθ/|prep.|和……在一起；带有；使用; parent|/'peərənt/|n.|父（母）亲; Chinese|/ˌtʃaɪ'niːz/|adj. & n.|中国的；中国人；汉语; food|/fuːd/|n.|食物,live with|和……住在一起; Chinese food|中国菜,今日回读：请重新朗读背诵第 23、22、20、17、9 天的句子。自然重现旧词 his、and、they、like。,"162,163,164,165,166,167,168"
25,"The family on the wall can speak about sports, and we often play sports at Hogwarts.",墙上的一家人会谈论运动，我们在霍格沃茨也经常运动。,can 后接动词原形；often 表示频率，放在实义动词前；speak about 表示“谈论”。,about|/ə'baʊt/|prep. & adv.|关于；大约; wall|/wɔːl/|n.|墙; family|/'fæməli/|n.|家庭; speak|/spiːk/|v.|说（某种语言）；说话; sport|/spɔːt/|n.|运动; often|/'ɒfn; 'ɒftən/|adv.|时常；常常; play|/pleɪ/|v.|玩,on the wall|在墙上; speak about|谈论; play sports|做运动,今日回读：请重新朗读背诵第 24、23、21、18、10 天的句子。自然重现旧词 the、on、can、and、at。,"169,170,171,172,173,174,175"
26,"After school, we want to be in a place with music, and we love it.",放学后，我们想待在一个有音乐的地方，我们很喜欢。,want to be/do 表示“想要成为/做”；after school 作时间状语，用逗号与主句隔开。,after|/'ɑːftə(r)/|prep. & conj.|在……以后; school|/skuːl/|n.|学校; want|/wɒnt/|v.|想要; be|/biː; bi/|v.|是; place|/pleɪs/|n.|地方；地点; music|/'mjuːzɪk/|n.|音乐; love|/lʌv/|v. & n.|喜爱；爱,after school|放学后; want to be|想要成为/想要待在; a place with music|有音乐的地方,今日回读：请重新朗读背诵第 25、24、22、19、11 天的句子。自然重现旧词 we、to、in、a、it，以及前天的 with。,"176,177,178,179,180,181,182"
27,"""Is this my mother or my aunt?"" says Ron. The children are his brothers, sisters and cousins.",罗恩问：“这是我妈妈还是我姑姑？”这些孩子是他的兄弟、姐妹和堂表亲。,or 连接选择项构成选择疑问句；child 的复数是 children，兄弟姊妹用复数体现一家人多；says Ron 是“动词在前、主语在后”的说法。,or|/ɔː(r)/|conj.|或者；也不（用于否定句）; mother|/'mʌðə(r)/|n.|母亲; child|/tʃaɪld/|n.|(pl. children /'tʃɪldrən/) 儿童；小孩; sister|/'sɪstə(r)/|n.|姐；妹; brother|/'brʌðə(r)/|n.|兄；弟; cousin|/'kʌzn/|n.|堂兄（弟、姊、妹）；表兄（弟、姊、妹）; aunt|/ɑːnt/|n.|姑（姨、伯、婶、舅）母,my mother or my aunt|我妈妈还是我姑姑; the children|孩子们,今日回读：请重新朗读背诵第 26、25、23、20、12 天的句子。自然重现旧词 is、this、my、the、are、and；呼应第 21 天 our、teacher 的家庭话题。,"183,184,185,186,187,188,189"
28,My grandmother and father come to play ping-pong every day of the week.,我奶奶和爸爸一周七天每天都来打乒乓球。,every day 表示频率“每天”；come to do 表示“来做某事”；主语是两个人，come 用原形。,grandmother|/'ɡrænmʌðə(r)/ (= grandma /'ɡrænmɑː/)|n.|奶奶；外婆; come|/kʌm/|v.|来；来到; ping-pong|/'pɪŋpɒŋ/|n.|乒乓球运动; every|/'evri/|adj.|每一；每个; day|/deɪ/|n.|一天；白天; week|/wiːk/|n.|周; father|/'fɑːðə(r)/|n.|父亲；爸爸,play ping-pong|打乒乓球; every day|每天; every day of the week|一周里的每一天,今日回读：请重新朗读背诵第 27、26、24、21、13 天的句子。自然重现旧词 my、and、to、of、the，以及第 25 天的 play。,"190,191,192,193,194,195,196"
29,"They read a lot in their classroom, play the piano well and play basketball.",他们在教室里读很多书，钢琴弹得好，还打篮球。,乐器前加 the（play the piano），球类前不加 the（play basketball）；a lot 表示“很多”；well 修饰动词。,lot|/lɒt/|pron.|大量；许多; read|/riːd/|v.|读；阅读; piano|/pi'ænəʊ/|n.|(pl. pianos) 钢琴; well|/wel/|adv. & interj. & adj.|好；令人满意地；嗯；好吧；健康的; basketball|/'bɑːskɪtbɔːl/|n.|篮球；篮球运动; classroom|/'klɑːsruːm/|n.|教室; their|/ðeə(r)/|pron.|他（她、它）们的,read a lot|读很多书; play the piano|弹钢琴; play basketball|打篮球,今日回读：请重新朗读背诵第 28、27、25、22、14 天的句子。自然重现旧词 they、a、in、the、and，以及第 25 天的 play。,"197,198,199,200,201,202,203"
30,A little child with short hair plays ball and talks with tall students on the playground.,一个短头发的小孩子在操场上和高个子学生们聊天、玩球。,一般现在时三单：child 是单数，play 和 talk 都加 -s；with short hair 作定语修饰 child。,little|/'lɪtl/|adj.|小的；年幼的; ball|/bɔːl/|n.|球; playground|/'pleɪɡraʊnd/|n.|游乐场；操场; talk|/tɔːk/|v. & n.|说话；交谈; tall|/tɔːl/|adj.|高的; short|/ʃɔːt/|adj.|短的；矮的; hair|/heə(r)/|n.|头发,short hair|短头发; play ball|玩球; on the playground|在操场上,今日回读：请重新朗读背诵第 29、28、26、23、15 天的句子。本句重现了 child（第 27 天）、student（第 22 天）、play（第 25 天）、with（第 24 天）等本批词汇。,"204,205,206,207,208,209,210"
31,"Here is a long, quiet room, but a girl cannot find any photo in it.",这里有一个又长又安静的房间，可是一个女孩在里面找不到任何照片。,Here is 句型表示“这里有……”；but 连接转折；any 常用于否定句，表示“任何”。,long|/lɒŋ/|adj.|长的; quiet|/'kwaɪət/|adj.|安静的; girl|/ɡɜːl/|n.|女孩; but|/bʌt; bət/|conj.|但是; any|/'eni/|adj. & pron.|任何（的）；任一（的）; here|/hɪə(r)/|adv.|在这里; photo|/'fəʊtəʊ/ (= photograph /'fəʊtəɡrɑːf/)|n.|(pl. photos) 照片,here is|这里有……; any photo|任何照片,今日回读：请重新朗读背诵第 30、29、27、24、16、1 天的句子。自然重现旧词：room、can（cannot）、not、find、in、it、is。,"211,212,213,214,215,216,217"
32,"At night, all the students always listen and think, and Ron puts his football and pink socks under the bed.",夜晚，所有学生总是听一听、想一想；罗恩把他的足球和粉红色的袜子放到床底下。,频率副词 always 放在实义动词前；at night 是固定短语；listen、think、put 三个动词并列，共用一个主语或分句。pink 修饰 socks，表示“粉红色的袜子”。,pink|/pɪŋk/|adj. & n.|粉红色（的）; always|/'ɔːlweɪz/|adv.|总是; night|/naɪt/|n.|夜晚; think|/θɪŋk/|v.|思考; all|/ɔːl/|pron. & adj.|所有（的）；全部（的）; listen|/'lɪsn/|v.|听; football|/'fʊtbɔːl/|n.|足球；足球运动,at night|在夜晚; under the bed|在床底下; pink socks|粉红色的袜子,今日回读：请重新朗读背诵第 31、30、28、25、17、2 天的句子。重现旧词：student、put（三单 puts）、his、sock（复数 socks）、under、bed、the。,"218,219,220,221,222,223,224"
33,"Next, the clever girl with big eyes is happy to help him in front of the class.",接下来，那个长着大眼睛的聪明女孩很开心地在全班面前帮助他。,be happy to do sth 表示“乐于做某事”；in front of the class 表示“在全班面前”（class 前要加 the）；help 后接宾格 him。,"happy|/'hæpi/|adj.|快乐的; eye|/aɪ/|n.|眼睛; clever|/'klevə(r)/|adj.|聪明的; next|/nekst/|adj., adv. & n.|下一个（的）; him|/hɪm; ɪm/|pron.|（he 的宾格）他; help|/help/|v. & n.|帮助; front|/frʌnt/|n.|前面",be happy to do|乐于做某事; in front of the class|在全班面前; help him|帮助他,"今日回读：请重新朗读背诵第 32、31、29、26、18、3 天的句子。重现旧词：girl（S31 新词）, with, big, class, is, the。","225,226,227,228,229,230,231"
34,"Between the library and the back wall, they are putting their art up in the middle of the blackboard.",在图书馆和后墙之间，他们正把自己的美术作品张贴到黑板的正中间。,现在进行时 be + doing（are putting）表示正在发生的动作；between A and B 表示“在两者之间”；in the middle of 表示“在……中间”。,art|/ɑːt/|n.|艺术；美术; middle|/'mɪdl/|n. & adj.|中间；中间的; between|/bɪ'twiːn/|prep.|在……之间; library|/'laɪbrəri/|n.|图书馆; blackboard|/'blækbɔːd/|n.|黑板; up|/ʌp/|adv.|向上; back|/bæk/|n. & adj. & adv.|后面；背部；后面的；背后的；回来；回原处,put up|张贴; between...and|在……和……之间; in the middle of|在……中间,"今日回读：请重新朗读背诵第 33、32、30、27、19、4 天的句子。重现旧词：they, their, wall, on；front 类方位表达呼应 S33。重现旧词：they, their, wall；front 类方位表达呼应 S33。","232,233,234,235,236,237,238"
35,"In the science room, a famous picture is between the clock and the map, and the computer is under the window.",在科学（魔药）教室里，一幅著名的图画挂在时钟和地图之间，电脑放在窗户下面。,用方位介词 between...and 和 under 描述物品位置；a famous picture 是名词短语作主语。,clock|/klɒk/|n.|时钟；钟; map|/mæp/|n.|地图; computer|/kəm'pjuːtə(r)/|n.|电脑; window|/'wɪndəʊ/|n.|窗户; science|/'saɪəns/|n.|科学; picture|/'pɪktʃə(r)/|n.|照片；图画; famous|/'feɪməs/|adj.|著名的,science room|科学（魔药）教室; under the window|在窗户下面; between the clock and the map|在时钟和地图之间,"今日回读：请重新朗读背诵第 34、33、31、28、20、5 天的句子。重现旧词：room, under, in, the；between 复现 S34。","239,240,241,242,243,244,245"
36,"Today he is sitting at the table, answering an email — a good way to talk with people! Every question is a good exercise.",今天他坐在桌边回复一封邮件——这是和人交流的好方法！每个问题都是一次好练习。,现在进行时 is sitting / answering 描述正在做的事；every + 单数名词表示“每一个”。,table|/'teɪbl/|n.|桌子; today|/tə'deɪ/|adv. & n.|在今天；今天; email|/'iːmeɪl/|n. & v.|电子邮件；（给某人）发电子邮件; answer|/'ɑːnsə(r)/|v. & n.|回答；答复；答案; question|/'kwestʃən/|n.|问题; exercise|/'eksəsaɪz/|n. & v.|运动；锻炼；练习; way|/weɪ/|n.|方式；道路,at the table|在桌边; answer an email|回复邮件; a good way|一个好方法,"今日回读：请重新朗读背诵第 35、34、32、29、21、6 天的句子。重现旧词：he, sit, at, every, good, is, a, and。重现旧词：he, sit（sitting）, at, every, good, is, a。","246,247,248,249,250,251,252"
37,"Why do they like the library best? Because it is clean, and their dear teacher tells them about interesting animals.",他们为什么最喜欢图书馆？因为那里干净，而且他们亲爱的老师在那里给他们讲有趣的动物。,why 提问原因，because 回答原因；like...best 表示“最喜欢”；tell sb about sth 表示“告诉某人某事”。,clean|/kliːn/|adj. & v.|干净的；使……干净；打扫; best|/best/|adj. & adv.|最好的；最; because|/bɪ'kɒz/|conj.|因为; why|/waɪ/|adv.|为什么; dear|/dɪə(r)/|adj.|亲爱的; tell|/tel/|v.|告诉; interesting|/'ɪntrəstɪŋ/|adj.|有趣的,like...best|最喜欢……; tell them about|告诉他们关于……,"今日回读：请重新朗读背诵第 36、35、33、30、22、7 天的句子。重现旧词：library（S34 新词）, they, like, do, teacher, about, animal, their。","253,254,255,256,257,258,259"
38,"Maths is a hard subject, and PE is difficult too, but they are sure they can learn them well.",数学是一门很难的学科，体育（飞行）课也不容易，但他们确信自己能把它们学好。,be sure (that) + 从句表示“确信……”；hard 和 difficult 都表示“困难的”；can 后接动词原形。,"subject|/'sʌbdʒɪkt/|n.|学科；科目; learn|/lɜːn/|v.|学习；得知; maths|/mæθs/ (= mathematics /ˌmæθə'mætɪks/, math /mæθ/)|n.|数学; PE|/ˌpiː 'iː/ (= physical /'fɪzɪkl/ education /ˌedʒu'keɪʃn/)|n.|体育; hard|/hɑːd/|adj. & adv.|困难的；努力地; difficult|/'dɪfɪkəlt/|adj.|困难的; sure|/ʃʊə(r)/|adv.|当然；一定",be sure|确信; learn them well|把它们学好,"今日回读：请重新朗读背诵第 37、36、34、31、23、8 天的句子。重现旧词：too, but（S31 新词）, can, well, they, is, a, and。","260,261,262,263,264,265,266"
39,"Her idea is easy to use: draw a map, give it to him, and they walk and travel home.",她的主意用起来很简单：画一张地图，把它给他，然后他们就能步行远行回家。,"It is + 形容词 + to do 句型；祈使句以动词原形开头（draw, give）；give sth to sb 中 sb 用宾格。",easy|/'iːzi/|adj.|容易的; use|/juːz/; /juːs/|v. & n.|使用；利用；使用；用途; give|/ɡɪv/|v.|给；送给；供给; idea|/aɪ'dɪə/|n.|想法；主意; draw|/drɔː/|v.|画画; travel|/'trævl/|v. & n.|旅行；游历; walk|/wɔːk/|v. & n.|行走；步行,easy to use|容易使用; draw a map|画一张地图; give it to him|把它给他,"今日回读：请重新朗读背诵第 38、37、35、32、24、9 天的句子。重现旧词：her, map（S35 新词）, him（S33 新词）, home, it, they, and。","267,268,269,270,271,272,273"
40,"In the afternoon they are working hard; sometimes they feel busy, and then Miss comes to help them.",下午他们正努力学习；有时觉得忙碌，这时老师就来帮助他们。,现在进行时 are working；sometimes 表示“有时”；then 表示“然后”；help 后接宾格 them。,afternoon|/ˌɑːftə'nuːn/|n.|下午; then|/ðen/|adv.|那时；然后；那么; Miss|/mɪs/||（对未婚女子的礼貌称呼）小姐；女士; work|/wɜːk/|v. & n.|工作; sometimes|/'sʌmtaɪmz/|adv.|有时; feel|/fiːl/|v.|感觉；觉得; busy|/'bɪzi/|adj.|忙碌的；无暇的,in the afternoon|在下午; feel busy|感到忙碌; help them|帮助他们,"今日回读：请重新朗读背诵第 39、38、36、33、25、10 天的句子。重现旧词：hard（S38 新词）, come, help（S33 新词）, they, in, the, and。","274,275,276,277,278,279,280"
41,"Right, at Hogwarts Harry can study, sing a song, swim, run and go out to play.",对，在霍格沃茨，哈利会学习、唱歌、游泳、跑步，还能出去玩。,can + 动词原形表示“会做某事”；多个动作并列时，最后两个用 and 连接；go out 表示“出去、出去玩”。,study|/'stʌdi/|v. & n.|学习；研究; song|/sɒŋ/|n.|歌曲; out|/aʊt/|adv. & prep.|（从……里）出来；出去; sing|/sɪŋ/|v.|唱歌; right|/raɪt/|interj. & adj. & n. & adv.|对吗；正确的；适当的；右边；向右边; swim|/swɪm/|v. & n.|游泳; run|/rʌn/|v. & n.|跑；跑步,go out|出去；出去玩; sing a song|唱歌,今日回读：请重新朗读背诵第 40、39、37、34、26、11 天的句子。自然重现旧词 can、play、go、and；句首 Right 表示“对、没错”。,"281,282,283,284,285,286,287"
42,"We watch Hedwig fly fast, Hermione dance, and Hagrid cook fish and make a cake.",我们看海德薇飞得飞快，看赫敏跳舞，还看海格做鱼和蛋糕。,watch + 人或动物 + 动词原形，表示“看……做某事”；fast 在这里作副词，修饰 fly，表示“飞得快”；蛋糕要说 make a cake，不说 cook a cake。,fast|/fɑːst/|adv. & adj.|快地；快的; dance|/dɑːns/|v. & n.|跳舞; fish|/fɪʃ/|n. & v.|鱼；鱼肉；钓鱼; fly|/flaɪ/|v.|飞; watch|/wɒtʃ/|v. & n.|注视；观看；表；手表; cake|/keɪk/|n.|蛋糕; cook|/kʊk/|v. & n.|做饭；厨师,fly fast|飞得飞快; cook fish|做鱼; make a cake|做蛋糕,今日回读：请重新朗读背诵第 41、40、38、35、27、12 天的句子。自然重现旧词 we、and；巩固 watch sb do sth 句型；cake 在第 47、49、50 天还会复现。,"288,289,290,291,292,293,294"
43,"The park is open — we visit it, take bird photos, have noodles and listen to Hagrid's story.",公园开放了——我们去逛公园、拍小鸟的照片、吃面条，还听海格的故事。,open 在这里是形容词“开放的”，作表语（The park is open）；take photos 拍照；listen to 听。,story|/'stɔːri/|n.|故事; noodle|/'nuːdl/|n.|(usually pl.) 面条; open|/'əʊpən/|v. & adj.|打开；开放的；敞开的; bird|/bɜːd/|n.|鸟; take|/teɪk/|v.|拍照；拿；取；买下; visit|/'vɪzɪt/|v. & n.|参观；拜访; park|/pɑːk/|n.|公园,take photos|拍照; listen to a story|听故事,今日回读：请重新朗读背诵第 42、41、39、36、28、13 天的句子。自然重现旧词 we、have、listen(to)、photo、and；noodles 常用复数形式。,"295,296,297,298,299,300,301"
44,"When do we get dressed? At 7 o'clock. We have breakfast at half past 7, then write and share stories.",我们什么时候穿衣服？7 点钟。我们 7 点半吃早餐，然后写故事、互相分享。,When do we ...? 用来问“我们什么时候做某事”；穿衣服说 get dressed；整点说 at 7 o'clock；半点说 half past 7（7 点半）。,when|/wen/|adv.|什么时候; write|/raɪt/|v.|写; share|/ʃeə(r)/|v.|分享；合用；分担; o'clock|/ə'klɒk/|adv.|（表示整点）……点钟; half|/hɑːf/|n. & pron.|一半；半；半数; dress|/dres/|v. & n.|穿衣服；连衣裙; breakfast|/'brekfəst/|n.|早餐,get dressed|穿衣服; have breakfast|吃早餐; half past 7|七点半,今日回读：请重新朗读背诵第 43、42、40、37、29、14 天的句子。重现昨日新词 story（复数 stories）与旧词 have、then、we；时间用数字表达，为第 49-50 天的数词做铺垫。,"302,303,304,305,306,307,308"
45,Harry gets up early and asks: 'Does the film begin before lunch? Can we have dinner after it?',哈利起得很早，问道：“电影在午餐前开始吗？我们可以在电影结束后吃晚饭吗？”,before 在……之前、after 在……之后，是一对反义词；begin 表示“开始”；一般疑问句借助 does 提问，动词用原形。,before|/bɪ'fɔː(r)/|prep. & conj. & adv.|在……以前；以前; begin|/bɪ'ɡɪn/|v.|开始; dinner|/'dɪnə(r)/|n.|正餐；主餐; early|/'ɜːli/|adj. & adv.|早的；早期的；提前；在早期; ask|/ɑːsk/|v.|询问；请求; lunch|/lʌntʃ/|n.|午餐; film|/fɪlm/|n.|电影,get up|起床; have dinner|吃晚饭; begin before lunch|在午餐前开始,今日回读：请重新朗读背诵第 44、43、41、38、30、15 天的句子。本句还重现旧词 get up、can、have、after。,"309,310,311,312,313,314,315"
46,"Harry has a lesson on the ice for an hour — 60 minutes! This month, he gets a birthday gift after it.",哈利在冰上上课，一节课一小时——60 分钟！这个月，他在课后收到一份生日礼物。,hour 是“小时”，minute 是“分钟”，一小时有 60 分钟；after + 名词/代词表示“在……之后”（after it＝在那之后）。,minute|/'mɪnɪt/|n.|分；分钟; lesson|/'lesn/|n.|课；一节课; ice|/aɪs/|n.|冰；冰块; hour|/'aʊə(r)/|n.|小时; birthday|/'bɜːθdeɪ/|n.|生日; month|/mʌnθ/|n.|月份; gift|/ɡɪft/|n.|礼物,birthday gift|生日礼物; on the ice|在冰上,今日回读：请重新朗读背诵第 45、44、42、39、31、16 天的句子。自然重现旧词 this、after、has、get(gets)；birthday 在第 47-50 天的派对场景继续复现。,"316,317,318,319,320,321,322"
47,A kind woman at the shop will help Hermione buy eggs and candles for the party.,商店里一位好心的女士会帮赫敏为派对买鸡蛋和蜡烛。,will + 动词原形表示“将要做某事”；help sb do sth 帮助某人做某事；buy sth for ... 为……买某物。,party|/'pɑːti/|n.|聚会; buy|/baɪ/|v.|买; shop|/ʃɒp/|n. & v.|商店；逛商店；在商店购物; woman|/'wʊmən/|n.|(pl. women /'wɪmɪn/) 女人; candle|/'kændl/|n.|蜡烛; will|/wɪl/|modal v.|将要；会; egg|/eɡ/|n.|蛋,buy eggs and candles|买鸡蛋和蜡烛; at the shop|在商店,今日回读：请重新朗读背诵第 46、45、43、40、32、17 天的句子。自然重现旧词 kind、help、at、for、and；句型 help sb do sth 呼应第 42 天 watch sb do sth。,"323,324,325,326,327,328,329"
48,"Ron writes on the card: 'Dear Mrs Weasley, thank you for the milk, juice, candy, drink and doll.'",罗恩在卡片上写道：“亲爱的韦斯莱夫人，谢谢您的牛奶、果汁、糖果、饮料和玩偶。”,写卡片常用“Dear + 称呼”开头，Mrs 用在已婚女子的姓氏前（Mrs Weasley＝韦斯莱夫人）；thank you for + 名词表示“为……而感谢”；多个名词并列时，最后两个用 and 连接。,juice|/dʒuːs/|n.|果汁; milk|/mɪlk/|n.|牛奶; candy|/'kændi/|n.|糖果; drink|/drɪŋk/|n. & v.|饮品；喝; card|/kɑːd/|n.|厚纸片；卡片; doll|/dɒl/|n.|玩偶；玩具娃娃; Mrs|/'mɪsɪz/||（对已婚妇女的礼貌称呼）夫人；太太,thank you for|为……而感谢; write on the card|在卡片上写字,今日回读：请重新朗读背诵第 47、46、44、41、33、18 天的句子。重现第 44 天新词 write（三单 writes）与旧词 dear、thank you、for、on；承接第 47 天商店场景。,"330,331,332,333,334,335,336"
49,"Harry hears the door open. A nurse comes in with a cake from Hagrid — one, two! Make a wish and eat!",哈利听到门开了。一位护士拿着海格送的蛋糕走进来——一、二！许个愿，吃吧！,祈使句直接用动词原形开头，如 make、eat；hear 表示“听到”，hear + 宾语 + 动词原形表示“听到……做某事”（hears the door open）；one、two 是数词，用来数数。,eat|/iːt/|v.|吃; wish|/wɪʃ/|v. & n.|希望；祝愿；愿望; nurse|/nɜːs/|n.|护士; hear|/hɪə(r)/|v.|听到; door|/dɔː(r)/|n.|门; one|/wʌn/|num.|一; two|/tuː/|num.|二,make a wish|许愿; come in|进来,今日回读：请重新朗读背诵第 48、47、45、42、34、19 天的句子。自然重现旧词 cake、come(comes)、with、make、and；数词 one、two 为第 50 天的 three-nine 做铺垫。,"337,338,339,340,341,342,343"
50,"Look at the cake: three, four, five, six, seven, eight, nine candles — happy birthday, Harry!",看那个蛋糕：三、四、五、六、七、八、九根蜡烛——生日快乐，哈利！,数词 three 到 nine 用来数数；candle 是可数名词，多根蜡烛用复数 candles；Happy birthday! 是生日祝福语。,three|/θriː/|num.|三; four|/fɔː(r)/|num.|四; five|/faɪv/|num.|五; six|/sɪks/|num.|六; seven|/'sevn/|num.|七; eight|/eɪt/|num.|八; nine|/naɪn/|num.|九,happy birthday|生日快乐; look at|看,今日回读：请重新朗读背诵第 49、48、46、43、35、20 天的句子。重现第 47 天新词 candle（复数 candles）、第 46 天 birthday、第 42 天 cake 与旧词 look at、happy。,"344,345,346,347,348,349,350"
51,"Ten, eleven, twelve, thirteen, fourteen, fifteen, sixteen candles are on the table for the party!",十、十一、十二、十三、十四、十五、十六根蜡烛摆在桌上，是派对用的！,基数词 ten 到 sixteen 表示数量，放在名词前；thirteen 到 sixteen 都以 -teen 结尾，重音落在 -teen 上。,ten|/ten/|num.|十; eleven|/ɪ'levn/|num.|十一; twelve|/twelv/|num.|十二; thirteen|/ˌθɜː'tiːn/|num.|十三; fourteen|/ˌfɔː'tiːn/|num.|十四; fifteen|/ˌfɪf'tiːn/|num.|十五; sixteen|/ˌsɪk'stiːn/|num.|十六,sixteen candles|十六根蜡烛; for the party|为派对,今日回读：请重新朗读背诵第 50、49、47、44、36、21 天的句子。自然重现旧词 candle、on、are、the；数数口号式句子方便孩子拍着手跟读。,"351,352,353,354,355,356,357"
52,"Seventeen, eighteen, nineteen, twenty, thirty, forty, fifty gifts — Harry's friends are so kind!",十七、十八、十九、二十、三十、四十、五十份礼物——哈利的朋友们真是太好了！,整十数 twenty、thirty、forty、fifty 以 -ty 结尾；注意 fourteen 里有 u，而 forty 里没有 u，别写混。,seventeen|/ˌsevn'tiːn/|num.|十七; eighteen|/ˌeɪ'tiːn/|num.|十八; nineteen|/ˌnaɪn'tiːn/|num.|十九; twenty|/'twenti/|num.|二十; thirty|/'θɜːti/|num.|三十; forty|/'fɔːti/|num.|四十; fifty|/'fɪfti/|num.|五十,fifty gifts|五十份礼物; so kind|真友善,今日回读：请重新朗读背诵第 51、50、48、45、37、22 天的句子。自然重现旧词 gift、friend、kind、so；接着第 51 天的礼物场景继续数数。,"358,359,360,361,362,363,364"
53,"Sixty, seventy, eighty, ninety, a hundred gifts, a thousand candles — Harry is one in a million!",六十、七十、八十、九十、一百份礼物，一千根蜡烛——哈利真是万里挑一的幸运儿！,hundred、thousand、million 前面有 a 或具体数字时用单数，不加 s。one in a million 是夸人的惯用语，意思是“万里挑一”。,sixty|/'sɪksti/|num.|六十; seventy|/'sevnti/|num.|七十; eighty|/'eɪti/|num.|八十; ninety|/'naɪnti/|num.|九十; hundred|/'hʌndrəd/|num.|百; thousand|/'θaʊznd/|num.|千; million|/'mɪljən/|num.|百万,a hundred gifts|一百份礼物; one in a million|万里挑一,今日回读：请重新朗读背诵第 52、51、49、46、38、23 天的句子。自然重现旧词 gift、candle、one、in；数数升级到大数，孩子感受数字的气势。,"365,366,367,368,369,370,371"
54,"Seventh, sixth, fifth, fourth, third, second, first — Harry flies to the front!",第七、第六、第五、第四、第三、第二、第一——哈利一路反超，飞到了最前面！,序数词表示“第几”：first、second、third 是特殊变化，fourth 起大多在基数词后加 -th（fifth 变化特殊）。比赛报幕常用序数词报名次。,first|/fɜːst/|num.|第一; second|/'sekənd/|num.|第二; third|/θɜːd/|num.|第三; fourth|/fɔːθ/|num.|第四; fifth|/fɪfθ/|num.|第五; sixth|/sɪksθ/|num.|第六; seventh|/'sevnθ/|num.|第七,fly to the front|飞到最前面,今日回读：请重新朗读背诵第 53、52、50、47、39、24 天的句子。自然重现旧词 fly（三单 flies）、front；倒计时式句子呼应飞行比赛画面。,"372,373,374,375,376,377,378"
55,"Dumbledore reads the names on the gifts: eighth, ninth, tenth, eleventh, twelfth, thirteenth, fourteenth — every child gets a gift!",邓布利多念出礼物上的名字：第八、第九、第十、第十一、第十二、第十三、第十四——每个孩子都得到一份礼物！,序数词拼写要特别记：eighth（eight 只加 h）、ninth（去 e）、twelfth（ve 变 f 再加 th）；reads、gets 是第三人称单数。,eighth|/eɪtθ/|num.|第八; ninth|/naɪnθ/|num.|第九; tenth|/tenθ/|num.|第十; eleventh|/ɪ'levnθ/|num.|第十一; twelfth|/twelfθ/|num.|第十二; thirteenth|/ˌθɜː'tiːnθ/|num.|第十三; fourteenth|/ˌfɔː'tiːnθ/|num.|第十四,read the names|念名字; get a gift|得到一份礼物,今日回读：请重新朗读背诵第 54、53、51、48、40、25 天的句子。自然重现旧词 read、name、every、child、gift；比赛颁奖延续第 54 天的故事。,"379,380,381,382,383,384,385"
56,"Hermione writes them down: fifteenth, sixteenth, seventeenth, eighteenth, nineteenth, twentieth — and the thirtieth gift is for Hagrid!",赫敏把它们记下来：第十五、第十六、第十七、第十八、第十九、第二十——第三十份礼物是给海格的！,twentieth、thirtieth 由 twenty、thirty 把 y 变 i 再加 -eth；说“第几十几”时先整十后个位，如 twenty-first。,fifteenth|/ˌfɪf'tiːnθ/|num.|第十五; sixteenth|/ˌsɪk'stiːnθ/|num.|第十六; seventeenth|/ˌsevn'tiːnθ/|num.|第十七; eighteenth|/ˌeɪ'tiːnθ/|num.|第十八; nineteenth|/ˌnaɪn'tiːnθ/|num.|第十九; twentieth|/'twentiəθ/|num.|第二十; thirtieth|/'θɜːtiəθ/|num.|第三十,write down|写下来; the thirtieth gift|第三十份礼物,今日回读：请重新朗读背诵第 55、54、52、49、41、26 天的句子。自然重现旧词 write、them、down；海格从“第 30 名”改成“第三十份礼物送给他”，不再跟孩子们一起排名。,"386,387,388,389,390,391,392"
57,"The fortieth, fiftieth, sixtieth, seventieth, eightieth, ninetieth day — today is the hundredth day at Hogwarts!",第四十天、第五十天、第六十天、第七十天、第八十天、第九十天——今天是在霍格沃茨的第一百天！,整十序数词都把 -ty 变成 -tieth；hundredth 表示“第一百”。序数词前通常加 the，如 the hundredth day。,fortieth|/'fɔːtiəθ/|num.|第四十; fiftieth|/'fɪftiəθ/|num.|第五十; sixtieth|/'sɪkstiəθ/|num.|第六十; seventieth|/'sevntiəθ/|num.|第七十; eightieth|/'eɪtiəθ/|num.|第八十; ninetieth|/'naɪntiəθ/|num.|第九十; hundredth|/'hʌndrədθ/|num.|第一百,the hundredth day|第一百天,今日回读：请重新朗读背诵第 56、55、53、50、42、27 天的句子。自然重现旧词 today、day、at；入学一百天纪念日，为后面的毕业庆祝做铺垫。,"393,394,395,396,397,398,399"
58,"When is the party — in January, February, March, April or May? Harry asks the question for the thousandth and millionth time!",聚会在什么时候——一月、二月、三月、四月还是五月？哈利都问了一千次、一百万次这个问题啦！,when 引导特殊疑问句问时间；月份是专有名词，首字母大写，前面用介词 in。for the + 序数词 + time 表示“第几次”。,thousandth|/'θaʊzndθ/|num.|第一千; millionth|/'mɪljənθ/|num.|第一百万; January|/'dʒænjuəri/|n.|一月; February|/'februəri/|n.|二月; March|/mɑːtʃ/|n.|三月; April|/'eɪprəl/|n.|四月; May|/meɪ/|n.|五月,in January|在一月; for the thousandth time|第一千次,今日回读：请重新朗读背诵第 57、56、54、51、43、28 天的句子。自然重现旧词 when、party、ask、time；用夸张的“第一百万次”写出孩子的期待心情。,"400,401,402,403,404,405,406"
59,"Is it in June, July, August, September, October, November or December? Hermione says: the party is in July!",是在六月、七月、八月、九月、十月、十一月还是十二月？赫敏说：聚会在七月！,选择疑问句用 or 连接选项，朗读时先升调后降调；in July 表示“在七月”，月份前不加 the。,June|/dʒuːn/|n.|六月; July|/dʒu'laɪ/|n.|七月; August|/'ɔːɡəst/|n.|八月; September|/sep'tembə(r)/|n.|九月; October|/ɒk'təʊbə(r)/|n.|十月; November|/nəʊ'vembə(r)/|n.|十一月; December|/dɪ'sembə(r)/|n.|十二月,in July|在七月,今日回读：请重新朗读背诵第 58、57、55、52、44、29 天的句子。自然重现旧词 say、party、it、in；呼应第 58 天的问题，揭晓答案就在七月。,"407,408,409,410,411,412,413"
60,"Monday, Tuesday, Wednesday, Thursday, Friday, Saturday, Sunday — Dumbledore and all the students sing and dance every day!",星期一、星期二、星期三、星期四、星期五、星期六、星期天——邓布利多和全校学生每天唱歌跳舞，欢庆学年结束！,星期首字母大写；“在星期几”用介词 on，如 on Monday。sing and dance 是并列动词，主语是复数概念，动词用原形。,Monday|/'mʌndeɪ; -di/|n.|星期一; Tuesday|/'tjuːzdeɪ; -di/|n.|星期二; Wednesday|/'wenzdeɪ; -di/|n.|星期三; Thursday|/'θɜːzdeɪ; -di/|n.|星期四; Friday|/'fraɪdeɪ; -di/|n.|星期五; Saturday|/'sætədeɪ; -di/|n.|星期六; Sunday|/'sʌndeɪ; -di/|n.|星期天,every day|每天; sing and dance|唱歌跳舞; on Monday|在星期一,今日回读：请重新朗读背诵第 59、58、56、53、45、30 天的句子。大结局句：全校师生一起庆祝。重现旧词 every、day、school、sing、dance、all、and；鼓励孩子回读全册 60 句。重现旧词 every、day、sing、dance、all、and；鼓励孩子回读全册 60 句。,"414,415,416,417,418,419,420"
