英文,音标,词性,中文
"a, an",/ei/,art,一（个）
able,/'eibl/,adj,能干的，能够的
about,/ə'baut/,adv & prep,大约；关于；到处
above,/ə'bʌv/,prep,在上方，超出
accident,/'æksidənt/,n,事故，意外
across,/ə'krɒs/,prep,越过，穿过，与...相交叉
act,/ækt/,v,行动；表演，扮演
activity,/æk'tiviti/,n,活动，行动，活跃
actor,/'æktə/,n,演员
actually,/'æktʃuəli/,adv,实际上，事实上
add,/æd/,v,加，增加
address,/ə'dres/,n,地址
adult,/'ædʌlt/,adj & n,成年人；成年的
advanced,/əd'vɑ:nst/,adj,在前的，高级的，先进的
adventure,/əd'ventʃə/,n,冒险，冒险经历
advertisement,/.ædvə'taizmənt/,n,广告，启事，广告宣传
aeroplane,/'eərəplein/,n,飞机
afraid,/ə'freid/,adj,害怕的，担心的
Africa,/'æfrikə/,n,非洲
after,/'ɑ:ftə/,adv & prep,后来，在...之后，由于
afternoon,/'ɑ:ftə'nu:n/,n,午后，下午
afterwards,/'ɑ:ftəwədz/,adv,然后，后来
again,/ə'gein/,adv,再一次，又，到原处
against,/ə'geinst/,prep,反对，对着，倚靠
age,/eidʒ/,n,年龄
ago,/ə'gəu/,adv,以前
agree,/ə'gri:/,v,同意，赞成
air,/eə/,n,空气；空中
airport,/'eəpɒ:t/,n,飞机场
alive,/ə'laiv/,adj,活着的
all,/ɒ:l/,det & pron,全部
all right,/ɒ:l rait/,adv,好的；行
almost,/'ɒ:lməust/,adv,几乎，差不多
alone,/ə'ləun/,adj & adv,孤独的，独自地，单独的
along,/ə'lɒŋ/,prep & adv,沿着；向前
already,/ɒ:l'redi/,adv,已经，早已
also,/'ɒ:lsəu/,adv,也，并且，同样地
always,/'ɒ:lweiz/,adv,总是，始终
a.m.,/ˌeɪ ˈem/,adv,上午，午前
amazing,/ə'meiziŋ/,adj,令人惊异的
ambulance,/'æmbjuləns/,n,救护车
America,/ə'merikə/,n,美国
American,/ə'merikən/,adj & n,美国的；美国人
among,/ə'mʌŋ/,prep,在...之中
and,/ænd/,conj,和，与
angry,/'æŋgri/,adj,生气的，愤怒的
animal,/'æniməl/,n,动物
another,/ə'nʌðə/,det & pron,又一个，另一个，类似的另一个
answer,/'ɑ:nsə/,n & v,答案，回答，反驳
Antarctica,/ænt'ɑ:ktikə/,n,南极洲
any,/'eni/,det & pron,任何
anybody,/'enibɒdi/,pron,任何人
anyone,/'eniwʌn/,pron,任何人
anything,/'eniθiŋ/,pron,任何事
anyway,/'eniwei/,adv,无论如何，至少
anywhere,/'enihweə/,adv,无论何处
apartment,/ə'pɑ:tmənt/,n,房间，公寓
apple,/'æpl/,n,苹果
appointment,/ə'pɒintmənt/,n,预约；约会
April,/'eiprəl/,n,四月
area,/'eəriə/,n,区域，面积，范围
arm,/ɑ:m/,n,手臂，胳膊
around,/ə'raund/,adv & prep,兜着圈子，包围，在附近
arrive,/ə'raiv/,v,到达，抵达
art,/ɑ:t/,n,艺术，人文科学，技术
article,/'ɑ:tikl/,n,文章，冠词，物品
artist,/'ɑ:tist/,n,艺术家，画家
as,/æz/,prep,作为；像，如同
Asia,/'eiʒə/,n,亚洲
ask,/ɑ:sk/,v,问，要求，邀请
assistant,/ə'sistənt/,n,助手，助理，助教
as well,/æz wel/,adv,也
as well as,/æz wel æz/,prep phr,也；和…一样
at,/æt/,prep,在，向，对
at all,/æt ɒ:l/,adv,根本，完全
at the same time,/æt ðə seim taim/,adv,同时
August,/ɒ:'gʌst. 'ɒ:gəst/,n,八月
aunt,/ɑ:nt/,n,阿姨，姨妈，舅妈
Australia,/ɒ'streiljə/,n,澳大利亚
Australian,/ɒ'streiljən/,adj & n,澳大利亚的；澳大利亚人
autumn,/'ɒ:təm/,n,秋天，成熟期
away,/ə'wei/,adv,离去
baby,/'beibi/,n,婴孩
back,/bæk/,"n, adv & adj",背部，向后地，后面的
bad,/bæd/,adj,坏的
badminton,/'bædmintən/,n,羽毛球运动
bag,/bæg/,n,袋子，袋状物
bake,/beik/,v,烤；烘焙
ball,/bɒ:l/,n,球；球状物
banana,/bə'nɑ:nə/,n,香蕉
band,/bænd/,n,带子，队，乐队
bank,/bæŋk/,n,银行，堤，岸
barbecue,/'bɑ:bikju:/,n,烧烤；烤肉
baseball,/'beisbɒ:l/,n,棒球
basketball,/'bɑ:skitbɒ:l/,n,篮球
bat,/bæt/,n,球拍；蝙蝠
bath,/bæθ.bɑ:θ/,n,沐浴，浴室
bathroom,/'bɑ:θru:m/,n,浴室，厕所
be,/bi:/,v,是，表示，在
beach,/bi:tʃ/,n,海滩
bear,/beə/,n,熊
beautiful,/'bju:tiful/,adj,美丽的
because,/bi'kɒ:z/,conj,因为
become,/bi'kʌm/,v,适合，变成，变得
bed,/bed/,n,床，睡眠处，河床
bedroom,/'bedrum/,n,卧室
before,/bi'fɒ:/,adv & prep,在前，在...之前
begin,/bi'gin/,v,开始
beginner,/bi'ginə/,n,初学者
behind,/bi'haind/,adv & prep,在后地，在...背后
believe,/bi'li:v/,v,相信
belong,/bi'lɒŋ/,v,属于，合适
below,/bi'ləu/,prep,在下面
belt,/belt/,n,带子，地带
beside,/bi'said/,prep,在…旁边
better,/'betə/,adj & adv,更好的；较好地
between,/bi'twi:n/,prep,在...之间
bicycle,/'baisikl/,n,自行车
big,/big/,adj,大的，重要的
bike,/baik/,n,自行车，脚踏车
bill,/bil/,n,帐单，清单，钞票
bird,/bɜ:d/,n,鸟，羽毛球
birthday,/'bɜ:θdei/,n,生日
biscuit,/'biskit/,n,饼干
bit,/bit/,n,一点，少量
black,/blæk/,adj,黑色的
blanket,/'blæŋkit/,n,毛毯，毯子
blonde,/blɔnd/,adj,（头发）金色的
blouse,/blauz/,n,宽松的上衣
blue,/blu:/,adj,蓝色的；忧郁的
board,/bɒ:d/,n,木板，板子
boat,/bəut/,n,船
body,/'bɒdi/,n,身体，躯体
boil,/bɒil/,v,煮沸，烧开
book,/buk/,n & v,书，登记，书籍
bookshelf,/'bukʃelf/,n,书架
bookshop,/'bukʃɒp/,n,书店
boot,/bu:t/,n,靴子
boots,/bu:ts/,n pl,靴子
bored,/bɔ:d/,adj,感到无聊的，烦闷的
boring,/'bɒ:riŋ/,adj,无聊的，令人厌烦的
born,/bɒ:n/,adj,出生的；天生的
borrow,/'bɒrəu/,v,借，借入，借用
boss,/bɒs/,n,老板，上司
both,/bəuθ/,pron & det,两者
bottle,/'bɒtl/,n,瓶子，酒瓶
bottom,/'bɒtəm/,n,底部
bowl,/bəul/,n,碗
box,/bɒks/,n,盒子，箱，方框
boy,/bɒi/,n,男孩
brake,/breik/,n & v,刹车；制动器
Brazil,/brə'zil/,n,巴西
Brazilian,/brə'ziljən/,adj & n,巴西的；巴西人
bread,/bred/,n,面包
break,/breik/,n & v,打破；弄坏；休息
breakfast,/'brekfəst/,n,早餐
bridge,/bridʒ/,n,桥，舰桥，桥梁
brilliant,/'briljənt/,adj,灿烂的；极好的；聪颖的
bring,/briŋ/,v,带来，拿来
Britain,/'britən/,n,英国
British,/'britiʃ/,adj & n,英国的；英国人
brother,/'brʌðə/,n,兄弟
brown,/braun/,adj,褐色的
brush,/brʌʃ/,n & v,刷子；刷
build,/bild/,v,建立，建筑
building,/'bildiŋ/,n,建筑物，建筑
burger,/'bɜ:gə/,n,汉堡包
burn,/bɜ:n/,v,烧，燃烧，烧毁
bus,/bʌs/,n,公共汽车
business,/'biznis/,n,生意，事情，业务
businessman,/'biznismæn/,n,商人，企业家
businesswoman,/'bizniswjmæn/,n,女商人，女企业家
bus station,/bʌs ˈsteiʃən/,n,公交车站
bus stop,/bʌs stɒp/,n,公共汽车站
busy,/'bizi/,adj,忙的，忙碌的
but,/bʌt/,conj,但是
butter,/'bʌtə/,n,奶油，黄油
buy,/bai/,v,买，获得
by,/bai/,prep,被；由；乘（交通工具）
by post,/bai pəust/,prep phr,邮寄；通过邮政
cafe,/kɑ:'fei/,n,咖啡馆，酒店
cake,/keik/,n,蛋糕，块，饼
call,/kɒ:l/,v,呼叫，叫喊，召集
camel,/'kæml/,n,骆驼
camera,/'kæmərə/,n,照相机，摄像机
camp,/kæmp/,n & v,露营，使扎营，帐篷
campsite,/kæmp'sait/,n,营地
can,/kæn/,n & v,能，会；罐头
Canada,/'kænədə/,n,加拿大
Canadian,/kə'neidiən/,adj & n,加拿大的；加拿大人
canal,/kə'næl/,n,运河，水道，管
cap,/kæp/,n,帽子；鸭舌帽
car,/kɑ:/,n,汽车，客车
card,/kɑ:d/,n,卡片，纸牌，节目单
career,/kə'riə/,n,职业，事业
careful,/'keəful/,adj,小心的，谨慎的
carefully,/'keəfuli/,adv,仔细地
car park,/kɑ: pɑ:k/,n,停车场
carpet,/'kɑ:pit/,n,地毯，地毯状物
carrot,/'kærət/,n,胡萝卜
carry,/'kæri/,v,携带，被携带，运送
cartoon,/kɑ:'tu:n/,n,卡通画，漫画
cash,/kæʃ/,n & v,现金，兑现
castle,/'kæsl. 'kɑ:sl/,n,城堡
cat,/kæt/,n,猫
catch,/kætʃ/,v,捕捉，抓住，赶上
cathedral,/kə'θi:drəl/,n,大教堂
CD,/ˌsiː ˈdiː/,n,激光唱片；光盘
CD player,/ˌsiː ˈdiː 'pleiə/,n,CD播放机
cent,/sent/,n,分
centimetre,"/'senti,mi:tə(r)/",n,厘米，公分
centre,/'sentə/,n,中心，中心点，中锋
century,/'sentʃuri/,n,世纪，百年
cereal,/'siəriəl/,n,谷类早餐；麦片
certain,/'sɜ:tən/,adj,确定的，某一个的，必然的
certainly,/'sɜ:tənli/,adv,确定地
chair,/tʃeə/,n,椅子
change,/tʃeindʒ/,v & n,改变，变化，更换
channel,/'tʃænəl/,n,频道；海峡；水道
chat,/tʃæt/,n,闲谈
chatroom,/'tʃætˌru:m/,n,聊天室
cheap,/tʃi:p/,adj,便宜的，不值钱的，可鄙的
check,/tʃek/,v,检查，核对
cheers,/tʃiəz/,exclam,干杯！；再见！
cheese,/tʃi:z/,n,乳酪
chemist,/'kemist/,n,药剂师；化学家
cheque,/tʃek/,n,支票
chicken,/'tʃikin/,n,小鸡，鸡肉
child,/tʃaild/,n,孩子，儿童
China,/'tʃainə/,n,中国
Chinese,/tʃai'ni:z/,adj & n,中国的；中国人；汉语
chips,/tʃips/,n pl,炸薯条
chocolate,/'tʃɒkəlit/,n,巧克力
choose,/tʃu:z/,v,选择，挑选
Christmas,/'krisməs/,n,圣诞节
church,/tʃɜ:tʃ/,n,教堂，礼拜，教会
cinema,/'sinəmə/,n,电影院，电影
circle,/'sɜ:kl/,n,圆形；圆圈
circus,/'sɜ:kəs/,n,马戏团
city,/'siti/,n,城市，市
city centre,/ˈsiti ˈsentə/,n,市中心
class,/klɑ:s/,n,班级，阶级，种类
classical,/'klæsikl/,adj,古典的，经典的
classmate,/'klɑ:smeit/,n,同班同学
class member,/klɑ:s 'membə/,n,同班同学
classroom,/'klɑ:sru:m/,n,教室
clean,/kli:n/,adj & v,干净的，清理，被搞干净
cleaner,/'kli:nə/,n,清洁工
clear,/kliə/,adj,清楚的；明亮的
clever,/'klevə/,adj,聪明的，精明的
click,/klik/,v,点击；发出咔哒声
climb,/klaim/,v,攀登，上升，爬
clock,/klɒk/,n,时钟，钟
close,/kləuz/,v,关，关闭；合上
closed,/kləuzd/,adj,关闭的，限于少数人的
close to,/kləuz tu:/,prep phr,接近于，靠近于
clothes,/kləuðz/,n pl,衣服
cloud,/klaud/,n,云，云朵
cloudy,/'klaudi/,adj,多云的，有愁容的，云的
clown,/klaun/,n,小丑
club,/klʌb/,n,俱乐部；球棒
coach,/kəutʃ/,n,教练；长途客车
coat,/kəut/,n,外套
coffee,/'kɒfi/,n,咖啡
cola,/'kəulə/,n,可乐
cold,/kəuld/,adj & n,寒冷的，感冒，冷淡的
colleague,/'kɒli:g/,n,同事，同僚
collect,/kə'lekt/,v,收集，采集
college,/'kɒlidʒ/,n,学院，大学，学会
colour,/'kʌlə/,n,颜色，面色，颜料
comb,/kəum/,n,梳子
come,/kʌm/,v,过来，来，到达
comfortable,/'kʌmfətəbl/,adj,舒服的，轻松的
company,/'kʌmpəni/,n,公司；陪伴
competition,/.kɒmpi'tiʃən/,n,竞争，竞赛
computer,/kəm'pju:tə/,n,电脑，电子计算机
concert,/'kɒnsət/,n,音乐会
congratulations,/kənˌɡrætʃʊˈleɪʃnz/,exclam,祝贺！恭喜！
conversation,/.kɒnvə'seiʃən/,n,会话，说话，交谈
cook,/kuk/,n & v,厨师；烹饪，煮
cooker,/'kukə/,n,炊具，炉灶
cool,/ku:l/,adj,凉爽的；酷的
corner,/'kɒ:nə/,n,角落，拐角
correct,/kə'rekt/,adj,正确的，合适的
cost,/kɒst/,n & v,费用，价格；花费
costume,/'kɒstju:m/,n,装束，服装
cough,/kɒf/,n & v,咳嗽
could,/kud/,v,可以，能
country,/'kʌntri/,n,国家，乡村，地区
countryside,/'kʌntrisaid/,n,乡村，农村
course,/kɒ:s/,n,课程；过程
cousin,/'kʌzən/,n,堂兄弟姊妹，表兄弟姊妹
cow,/kau/,n,奶牛，母牛
crayon,/'kreiən/,n,蜡笔
cream,/kri:m/,n,奶油；乳霜
credit card,/'kredit kɑ:d/,n,信用卡
cross,/krɒs/,v,横过，穿过；交叉
crossing,/'krɒsiŋ/,n,交叉路口；人行横道
crossroads,/ˈkrɒsrəʊdz/,n,十字路口
crowd,/kraud/,n,人群，群众
crowded,/'kraudid/,adj,拥挤的，塞满的
cry,/krai/,v,哭，喊叫
cup,/kʌp/,n,杯子
cupboard,/'kʌpbɒ:d/,n,橱柜，碗柜
curtains,/'kɜ:tənz/,n,窗帘
customer,/'kʌstəmə/,n,顾客
cut,/kʌt/,v,切，割，减少
cycle,/'saikl/,v,骑自行车；循环
dad,/dæd/,n,爸爸，爹爹
daily,/'deili/,adj & adv,每日的，每日地，日常的
dance,/dæns. dɑ:ns/,n & v,跳舞，舞蹈，舞会
dancer,/'dɑ:nsə/,n,舞蹈演员；跳舞的人
dancing,/'dænsiŋ/,n,舞蹈
danger,/'deindʒə/,n,危险，威胁
dangerous,/'deindʒərəs/,adj,危险的
dark,/dɑ:k/,adj,黑暗的；深色的
date,/deit/,n,日期；约会
daughter,/'dɒ:tə/,n,女儿
day,/dei/,n,天，日子，白天
dead,/ded/,adj,死的
dear,/'diə/,adj,亲爱的；贵的
December,/di'sembə/,n,十二月
decide,/di'said/,v,决定
degree,/di'gri:/,n,程度，度数，学位
delay,/di'lei/,n & v,耽搁，延误
delayed,/di'leid/,adj,延误的；迟的
delicious,/di'liʃəs/,adj,美味的
dentist,/'dentist/,n,牙科医生
department,/di'pɑ:tmənt/,n,部门，系
department store,/di'pɑ:tmənt stɒ:/,n,百货商店
describe,/di'skraib/,v,描述，描写
desk,/desk/,n,书桌，课桌
diary,/'daiəri/,n,日记
dictionary,/'dikʃənəri/,n,字典，词典
die,/dai/,v,死，死亡
difference,/'difərəns/,n,不同，差异
different,/'difərənt/,adj,不同的
difficult,/'difikəlt/,adj,困难的
digital,/'didʒitəl/,adj,数字的
dining room,/'dainiŋ ru:m/,n,饭厅
dinner,/'dinə/,n,晚餐，正餐
dinosaur,/'dainəsɒ:/,n,恐龙
diploma,/di'pləumə/,n,文凭，毕业证书
dirty,/'dɜ:ti/,adj,脏的
disco,/'diskəu/,n,迪斯科舞厅
discount,/'diskaunt/,n,折扣
dish,/diʃ/,n,盘子，碟子；菜肴
do,/du:/,v,做，进行，完成
doctor,/'dɒktə/,n,医生，博士
dog,/dɒg/,n,狗
doll,/dɒl/,n,玩具娃娃
dollar,/'dɒlə/,n,美元
dolphin,/'dɒlfin/,n,海豚
door,/dɒ:/,n,门
dot,/dɒt/,n,点，圆点，小数点
double,/'dʌbl/,adj,两倍的，双重的
down,/daun/,adv & prep,向下，下去
download,/ˌdaʊnˈləʊd/,n & v,下载；下载的文件
downstairs,/'daun'steəz/,adv,在楼下
dozen,/'dʌzn/,num,十二；一打
dragon,/'drægən/,n,龙
draw,/drɒ:/,v,画；拉；抽出
drawing,/'drɒ:iŋ/,n,图画，素描
dream,/dri:m/,n & v,梦，梦想
dress,/dres/,n & v,连衣裙；穿衣，打扮
drink,/driŋk/,n & v,饮料；喝
drive,/draiv/,v,驾驶，开车
driver,/'draivə/,n,司机；驾驶员
driving licence,/ˈdraiviŋ ˈlaisəns/,n,驾驶执照
drum,/drʌm/,n,鼓，鼓声
dry,/drai/,adj & v,干的；使变干
duck,/dʌk/,n,鸭子
during,/'djuəriŋ/,prep,在...的时候
DVD,/ˌdiː viː ˈdiː/,n,数字影碟，DVD光盘
DVD player,/ˌdiː viː ˈdiː 'pleiə/,n,DVD机
each,/i:tʃ/,det & pron,每个，各
ear,/iə/,n,耳朵
early,/'ɜ:li/,adj & adv,早的，很早，早熟的
earn,/ɜ:n/,v,赚得，获得，博得
east,/i:st/,"n, adj & adv",东方，东方的，向东方
Easter,/'i:stə/,n,复活节
easy,/'i:zi/,adj,容易的
eat,/i:t/,v,吃
egg,/eg/,n,蛋，卵
eight,/eit/,num,八
eighteen,/'ei'ti:n/,num,十八
eighteenth,/ei'ti:nθ/,num,第十八
eighth,/eitθ/,num,第八
eighty,/'eiti/,num,八十
electric,/i'lektik/,adj,电的，导电的，电动的
electricity,/.ilek'trisiti/,n,电，电流，电学
elephant,/'elifənt/,n,象
eleven,/i'levn/,num,十一
eleventh,/i'levnθ/,num,第十一
else,/els/,adv,另外，否则，不然
email,/'i:'meil/,n & v,电子邮件
empty,/'empti/,adj & v,空的；倒空
end,/end/,v & n,结束，终结，终点
engine,/'endʒin/,n,引擎，发动机
engineer,/.endʒi'niə/,n,工程师，工兵
enjoy,/in'dʒɒi/,v,享受，喜欢，欣赏
enough,/i'nʌf/,det & pron,足够的，充足的
enter,/'entə/,v,进入；参加
entrance,/'entrəns/,n,入口，进入
envelope,/'envələup/,n,信封
euro,/'juərəu/,n,欧元
Europe,/'juərəp/,n,欧洲
even,/'i:vən/,adv,甚至
evening,/'i:vniŋ/,n,傍晚，晚间，末期
ever,/'evə/,adv,曾经，究竟，永远
every,/'evri/,det,每一，所有的
everybody,/'evribɒdi/,pron,每个人，人人
everyone,/'evriwʌn/,pron,每个人，人人
everything,/'evriθiŋ/,pron,每件事物，所有事物
everywhere,/'evrihweə/,adv,各处，到处
exam,/ig'zæm/,n,考试，测验
example,/ig'zæmpl/,n,例子，样本，实例
excellent,/'ekslənt/,adj,优良的，杰出的，出色的
except,/ik'sept/,prep,除了...之外，若不是，除非
excited,/ik'saitid/,adj,兴奋的，激动的
exciting,/ik'saitiŋ/,adj,令人兴奋的，刺激的
excuse,/ik'skju:z/,v,原谅；借口
exercise,/'eksəsaiz/,n & v,锻炼；练习
exhibition,/.eksi'biʃən/,n,展览，展览会
exit,/'eksit/,n,出口
expensive,/ik'spensiv/,adj,昂贵的
explain,/ik'splein/,v,解释，说明
explore,/ik'splɒ:/,v,探索，探险
explorer,/ik'splɒ:rə/,n,探险家，探索者
extra,/'ekstrə/,det & adj,额外的，特别的
eye,/ai/,n,眼睛
face,/feis/,n,脸，面容，正面
factory,/'fæktəri/,n,工厂
fail,/feil/,v,失败；不及格
fair,/feə/,adj,公平的；合理的
fall,/fɒ:l/,v,落下，跌倒；（美式）秋天
family,/'fæməli/,n,家庭，家人，族
famous,/'feiməs/,adj,出名的，著名的
fan,/fæn/,n,风扇，迷，狂热者
fantastic,/fæn'tæstik/,adj,极好的
far,/fɑ:/,adv,远，很远
farm,/fɑ:m/,n,农场，农田
farmer,/'fɑ:mə/,n,农民
fashion,/'fæʃən/,n,时尚，流行款式
fast,/fɑ:st/,adj & adv,快的；快地
fast food,/fɑ:st fu:d/,n,速食，快餐
fat,/fæt/,adj,肥的，胖的，油腻的
father,/'fɑ:ðə/,n,父亲
favourite,/'feivərit/,adj,喜爱的，宠爱的
February,/'februəri/,n,二月
feel,/fi:l/,v,感觉，有知觉，觉得
festival,/'festəvəl/,n,节日，庆祝，欢宴
fever,/'fi:və/,n,发烧
few,/fju:/,det & adj,很少的，不多的，少数的
field,/fi:ld/,n,田地，场地；领域
fifteen,/'fif'ti:n/,num,十五
fifteenth,/'fif'ti:nθ/,num,第十五
fifth,/fifθ/,num,第五
fifty,/'fifti/,num,五十
fill,/fil/,v,装满，填充
fill in,/fil in/,phr v,填写，填充
film,/film/,n & v,电影；胶片
find,/faind/,v,发现，裁决，感到
fine,/fain/,adj,好的，晴朗的，健康的
finger,/'fiŋgə/,n,手指
finish,/'finiʃ/,v,完成，结束，用完
fire,/'faiə/,n,火，炉火，电炉
firefighter,/ˈfaɪəfaɪtə(r)/,n,消防员
fire station,/'faiə 'steiʃən/,n,消防站
first,/fɜ:st/,adv & adj,首先，第一的，第一
first name,/fɜ:st neim/,n,名，名字
fish,/fiʃ/,n & v,鱼，钓，捕鱼
fishing,/'fiʃiŋ/,n,钓鱼（活动）
fit,/fit/,adj,健康的；合适的
five,/faiv/,num,五
fix,/fiks/,v,修理；安装
flat,/flæt/,n,公寓，单元房
flight,/flait/,n,航班；飞行
floor,/flɒ:/,n,地板；楼层
flower,/'flauə/,n,花，花朵
fly,/flai/,n & v,飞；苍蝇
fog,/fɒg/,n,雾
foggy,/'fɒgi/,adj,有雾的
follow,/'fɒləu/,v,跟随，沿行，接着
food,/fu:d/,n,食物，养料
foot,/fut/,n,脚；英尺
football,/'futbɒ:l/,n,足球，橄榄球
footballer,/'futbɒ:lə/,n,足球运动员
for,/fɒ:/,prep,为，因为，至于
foreign,/'fɒ:rin/,adj,外国的
forest,/'fɒrist/,n,森林，林区
forget,/fə'get/,v,忘记，忽略，忘
fork,/fɒ:k/,n,叉子，餐叉
form,/fɒ:m/,n,表格；形式；种类
for sale,/fɒ: seil/,prep phr,出售；待售
forty,/'fɒ:ti/,num,四十
four,/fɒ:/,num,四
fourteen,/'fɒ:'ti:n/,num,十四
fourteenth,/'fɒ:'ti:nθ/,num,第十四
fourth,/fɒ:θ/,num,第四
France,/frɑ:ns/,n,法国
free,/fri:/,adj,自由的；免费的；空闲的
French,/frentʃ/,adj & n,法国的；法国人；法语
fresh,/freʃ/,adj,新鲜的，新奇的，另外的
Friday,/'fraidi/,n,星期五
fridge,/fridʒ/,n,电冰箱
fried,/fraid/,adj,油炸的
friend,/frend/,n,朋友，支持者，赞助者
friendly,/'frendli/,adj,友好的，亲切的，互助的
from,/frɒm/,prep,从，来自，根据
front,/frʌnt/,n,前面，开头，前线
fruit,/fru:t/,n,水果，果类，结果
fry,/frai/,v,油炸，煎
full of,/ful ɔv/,adj,充满…的
fun,/fʌn/,n,乐趣，玩笑，娱乐
funny,/'fʌni/,adj,好笑的，有趣的，滑稽的
furniture,/'fənitʃə/,n,家具
game,/geim/,n,游戏；比赛
garage,/gə'rɑ:ʒ. 'gærɑ:ʒ/,n,车库，汽车修理厂，机库
garden,/'gɑ:dn/,n,花园，果园，菜园
gardener,/'gɑ:dənə/,n,园丁；园艺工人
gas,/gæs/,n,气体，汽油，瓦斯
gate,/geit/,n,大门，栅栏门
geography,/dʒi'ɒgrəfi/,n,地理（学）
German,/'dʒɜ:mən/,adj & n,德国的；德国人；德语
Germany,/'dʒɜ:məni/,n,德国
get,/get/,v,得到，到达，获得
get fit,/get fit/,v,健身
get off,/get ɒf/,phr v,下来，脱下，出发
get on,/get ɒn/,phr v,上车；进展；相处
get up,/get ʌp/,phr v,起床，起身
girl,/gɜ:l/,n,女孩
give,/giv/,v,给，交给
glad,/glæd/,adj,高兴的，喜欢的，情愿的
glass,/glɑ:s/,n & adj,玻璃，玻璃杯，透镜
glasses,/'glɑ:siz/,n pl,眼镜
gloves,/glʌvz/,n pl,手套
go,/gou/,v,去，走；进行
goal,/gəul/,n,球门；目标
gold,/gəuld/,n & adj,金子，黄金；金色的
golf,/gɒlf/,n,高尔夫球
good,/gud/,adj,好的，优良的，上等的
goodbye,/gud'bai/,exclam,再见
go out,/gou aut/,phr v,出去，熄灭，过时
gram,/græm/,n,克（重量单位）
grandchild,/'^rændtʃaild/,n,孙子女；外孙子女
granddad,/ˈɡrændæd/,n,爷爷；外公
granddaughter,/'^rændɔ:tə(r)/,n,孙女，外孙女
grandfather,/'grændfɑ:ðə/,n,祖父，始祖
grandma,/'grændmɑ:/,n,奶奶，外婆
grandmother,/'grændmʌðə/,n,祖母，女祖先
grandpa,"/'^rænpɑ:, '^rændpɑ:/",n,爷爷，老太爷，外公
grandparent,/'grændperənt/,n,（外）祖父/母
grandson,/'grændsʌn/,n,孙子，外孙
grape,/greip/,n,葡萄，葡萄树
grass,/græs/,n,草，草原，牧场
great,/greit/,adj,伟大的；极好的；大的
green,/gri:n/,adj,绿色的
grey,/grei/,adj,灰色的，阴沉的
grill,/gril/,v,烤，烧烤
grilled,/grild/,adj,烤的
group,/gru:p/,n,团体，组，团
grow,/grəu/,v,种植，生长
grow up,/grəu ʌp/,phr v,长大，成长
guest,/gest/,n,客人，来宾，旅客
guest-house,/gest haus/,n,宾馆，家庭旅馆
guide,/gaid/,n,向导，导游；指南
guidebook,/'gaidbuk/,n,指南，手册，要览
guitar,/gi'tɑ:/,n,吉他
guy,/gai/,n,家伙，小伙子
gym,/dʒim/,n,体育馆；健身房
hair,/heə/,n,头发，毛发，些微
hairdresser,/'heədresə/,n,美发师，理发师
hairdryer,/ˈheədraɪə(r)/,n,（吹干头发的）吹风机
half,/hɑ:f/,n & pron,一半，半场，不完全
half past,/hɑ:f pɑ:st/,prep phr,…点半
hall,/hɒ:l/,n,门厅，走廊，会堂
Halloween,/.hæləu'i:n/,n,万圣节前夜
hand,/hænd/,n,手，爪，指针
happen,/'hæpən/,v,发生，恰巧
happy,/'hæpi/,adj,快乐的，幸福的，愉快的
hard,/hɑ:d/,adj & adv,坚硬的；困难的
hat,/hæt/,n,帽子
hate,/heit/,v,憎恨，仇恨，憎恶
have,/hæv/,v,有，怀有，拿
have got,/hæv gɔt/,v,拥有
have to,/ˈhæv tə/,v,不得不，只好，只得
he,/hi:/,pron,他
head,/hed/,n,头，头脑，领袖
headache,/'hedeik/,n,头痛
health,/'helθ/,n,健康，卫生，蓬勃
healthy,/'helθi/,adj,健康的，有益健康的，卫生的
hear,/hiə/,v,听到，听见，倾听
heart,/hɑ:t/,n,心，心脏，中心
heating,/'hi:tiŋ/,n,供暖，暖气设备
heavy,/'hevi/,adj,重的，巨大的，沉重的
helicopter,/'helikɒptə/,n,直升机
hello,/hə'ləu/,exclam,喂，嘿
help,/help/,v,帮助，有用，帮忙
her,/hɜ:/,det & pron,她的，她
here,/hiə/,adv,在这里，此时，这里
hers,/hɜ:z/,pron,她的
herself,/hɜ:'self/,pron,她自己，她亲自
high,/hai/,adj,高的，高级的，主要的
hill,/hil/,n,小山，丘陵，小土堆
him,/him/,pron,他
himself,/him'self/,pron,他自己，他亲自
hip hop,/hip hɔp/,n,嘻哈音乐
his,/hiz/,det & pron,他的
history,/'histəri/,n,历史
hit,/hit/,v,打，打击，打中
hobby,/'hɒbi/,n,爱好，业余爱好
hockey,/'hɒki/,n,冰球，曲棍球
hold,/həuld/,v,拿着；握住
holidays,"/'hɔlə,deiz/",n,假期，假日
home,/həum/,n & adv,家，在家，避难所
homework,/'həumwɜ:k/,n,家庭作业，家里做的工作
honey,/'hʌni/,n,蜂蜜
hope,/həup/,v,希望，期望，信赖
horse,/hɒ:s/,n,马
hospital,/'hɒspitəl/,n,医院
hot,/hɒt/,adj,热的；辣的
hotel,/həu'tel/,n,旅馆，客栈
hour,/auə/,n,小时，钟头
house,/haus/,n,房子，住宅
housework,/'hauswɜ:k/,n,家务
how,/hau/,adv,如何，怎样，多少
huge,/hju:dʒ/,adj,巨大的
hundred,/'hʌndrəd/,num,百
hungry,/'hʌŋgi/,adj,饥饿的，荒年的，渴望的
hurry,/'hʌri/,v,匆忙，催促
hurt,/hɜ:t/,v,伤害，(使)伤心，危害
husband,/'hʌzbənd/,n,丈夫
I,/ai/,pron,我
ice,/ais/,n,冰
ice cream,/ais kri:m/,n,冰淇淋
ice skating,/ais ˈskeɪtɪŋ/,n,滑冰
idea,/ai'diə/,n,主意，想法
if,/if/,conj,如果，是否，无论何时
ill,/il/,adj,生病的
immediately,/i'mi:diətli/,adv,直接地，立刻，立即
important,/im'pɒ:tənt/,adj,重要的，有地位的，大量的
impossible,/im'pɒsəbl/,adj,不可能的，难以置信的，令人无法忍受的
improve,/im'pru:v/,v,改善，提高
in,/in/,adv & prep,进入，在...期间，朝里
include,/in'klu:d/,v,包括，包含
India,/'indjə/,n,印度
Indian,/'indiən/,adj & n,印度的；印度人
indoor,/'indɒ:/,adj,户内的，室内的
indoors,/'in'dɒ:z/,adv,在户内
information,/.infə'meiʃən/,n,消息，知识，通知
in front of,/in frʌnt ɒv/,prep phr,在...前面
insect,/'insekt/,n,昆虫
inside,/'in'said/,adv & prep,在里面，在...之内
instead,/in'sted/,adv,作为替代，反而
instead of,/in'sted ɒv/,prep phr,代替
instructions,/ɪnˈstrʌkʃnz/,n pl,说明，指示
instrument,/'instrumənt/,n,乐器；仪器，工具
insurance,/in'ʃurəns/,n,保险
interested,/'intristid/,adj,感兴趣的
interesting,/'intristiŋ/,adj,有趣的
international,/.intə'næʃənəl/,adj,国际的
internet,/'intənet/,n,互联网
into,/'intu:/,prep,进入，到…里面
invite,/in'vait/,v,邀请
Ireland,/'aiələnd/,n,爱尔兰
Irish,/'airiʃ/,adj & n,爱尔兰的；爱尔兰人
island,/'ailənd/,n,岛，岛屿
it,/it/,pron,它
Italian,/i'tæljən/,adj & n,意大利的；意大利人
Italy,/'itəli/,n,意大利
its,/its/,det,它的
itself,/it'self/,pron,它本身，它自己
jacket,/'dʒækit/,n,夹克，外套
jam,/dʒæm/,n,果酱；堵塞
January,/'dʒænjuəri/,n,一月
Japan,/dʒə'pæn/,n,日本
Japanese,/.dʒæpə'ni:z/,adj & n,日本的；日本人；日语
jazz,/dʒæz/,n,爵士乐
jeans,/dʒi:nz/,n pl,牛仔裤
job,/dʒɒb/,n,工作，零活，职业
join,/dʒɒin/,v,参加，加入
journalist,/'dʒɜ:nəlist/,n,新闻记者
journey,/'dʒɜ:ni/,n,旅程，旅行，行程
juice,/dʒu:s/,n,果汁；汁
July,/dʒu:'lai/,n,七月
jump,/dʒʌmp/,v,跳，跳跃
June,/dʒu:n/,n,六月
just,/dʒʌst/,adv,刚刚，正好，仅仅
keep,/ki:p/,v,保持，保存，继续不断
key,/ki:/,n,钥匙；键；答案
keyboard,/'ki:bɒ:d/,n,键盘
kick,/kik/,v,踢
kilogram,/'kiləgræm/,n,千克，公斤
kilometre,/'kiləjmi:tə(r)/,n,公里，千米
kind,/kaind/,adj & n,种类；善良的
king,/kiŋ/,n,国王，君主
kitchen,/'kitʃin/,n,厨房，全套炊具
kite,/kait/,n,风筝
knee,/ni:/,n,膝盖
knife,/naif/,n,刀，小刀
know,/nəu/,v,知道，了解，认识
Korea,/kə'riə/,n,韩国
Korean,/kə'riən/,adj & n,韩国的；韩国人；韩语
lake,/leik/,n,湖
lamp,/læmp/,n,灯
language,/'læŋgwidʒ/,n,语言
laptop,/ˈlæptɒp/,n,笔记本电脑
large,/lɑ:dʒ/,adj,大的，大量的，宽大的
last,/lɑ:st/,adj & adv,最后的；上一个
late,/leit/,adj & adv,迟的，很晚，晚的
later,/'leitə/,adv,以后，随后
laugh,/lɑ:f/,v,笑，大笑
learn,/lɜ:n/,v,学习，认识到，得知
leather,/'leðə/,n & adj,皮革
leave,/li:v/,v,离开，出发，剩下
left,/left/,"n, adj & adv",左边，左侧；左边的
left hand,/left hænd/,n,左手
leg,/leg/,n,腿
lemon,/'lemən/,n,柠檬
lemonade,/.lemə'neid/,n,柠檬水
less,/les/,"adj, det, pron & adv",少的，较少，小的
lesson,/'lesn/,n,课，课业，教训
let,/let/,v,让，允许
letter,/'letə/,n,信；字母
level,/'levl/,n,水平，水准，平地
library,/'laibrəri/,n,图书馆，藏书，库
licence,/'laisns/,n,执照，许可证，特许
lie down,/lai daun/,phr v,躺下
life,/laif/,n,生活，生命，人生
lift,/lift/,n,电梯；举起
light,/lait/,n & adj,光，灯；轻的
lights,/laits/,n pl,灯（复数）
like,/laik/,"v, prep & adv",喜欢；像，如
line,/lain/,n,线，线条；排
lion,/'laiən/,n,狮子
listen,/'lisn/,v,听，倾听，听从
listen to,/'lisn tu:/,prep phr,听
litre,/li:tə(r)/,n,升，公升
little,/'litl/,"adj, det & pron",小的，很少的，幼小的
live,/liv.laiv/,v,活着，生活；居住
living room,/'liviŋ ru:m/,n,客厅，起居室
long,/lɒŋ/,adj,长的；长久的
look,/luk/,v,看，看起来；表情
look after,/luk 'ɑ:ftə/,phr v,照顾，照看
look at,/luk æt/,phr v,看，注视
look for,/luk fɒ:/,phr v,寻找，期待
look out,/luk aut/,phr v,当心，留神
lorry,/'lɒri/,n,卡车，货车
lose,/lu:z/,v,遗失，受损失，损失
lot,/lɒt/,n,许多，大量
lots,/lɔts/,n,大量，许多，一堆
loud,/laud/,adj,大声的
love,/lʌv/,n & v,爱，热爱
lovely,/'lʌvli/,adj,可爱的，有趣的
low,/ləu/,adj,低的，消沉的，低等的
luck,/lʌk/,n,运气，幸运，好运
lucky,/'lʌki/,adj,幸运的，吉祥的，好运的
luggage,/'lʌgidʒ/,n,行李，皮箱
lunch,/lʌntʃ/,n,午餐
machine,/mə'ʃi:n/,n,机器，机械装置，机构
magazine,/.mægə'zi:n/,n,杂志
main course,/mein kɒ:s/,n,主菜
make,/meik/,v,制造，开始，安排
make up,/meik ʌp/,phr v,组成；编造；化妆
man,/mæn/,n,男人，人类，人
manager,/'mænidʒə/,n,经理
mango,/'mæŋgəu/,n,芒果
many,/'meni/,"det, adj & pron",许多的，许多
map,/mæp/,n,地图
March,/mɑ:tʃ/,n,三月
market,/'mɑ:kit/,n,市场，集市
married,/'mærid/,adj,已婚的，婚姻的
match,/mætʃ/,n,比赛；火柴；相配
mathematics,/.mæθə'mætiks/,n,数学
matter,/'mætə/,v,有关系
May,/mei/,n,五月
maybe,/'meibi:/,adv,也许，大概
me,/mi:/,pron,我
meal,/mi:l/,n,一餐，饭
mean,/mi:n/,v,意思是，意指
meat,/mi:t/,n,肉，餐，食物
mechanic,/mi'kænik/,n,机械工，技工
medicine,/'medisin/,n,药，医学，内科
meet,/mi:t/,v,遇见；会面
meeting,/'mi:tiŋ/,n,会议，会面
member,/'membə/,n,成员，会员
menu,/'menju:/,n,菜单
message,/'mesidʒ/,n,消息，通讯，讯息
metal,/'metəl/,n,金属
metre,/'mi:tə/,n,米，公尺
Mexican,/'meksikən/,adj & n,墨西哥的；墨西哥人
Mexico,/'meksikəu/,n,墨西哥
middle,/'midl/,n,中间，中央
midnight,/'midnait/,n,午夜，子夜，半夜
mile,/mail/,n,英里，很大距离
milk,/milk/,n,奶，牛奶
milkshake,/ˈmɪlkʃeɪk/,n,奶昔
million,/'miljən/,n,百万
mind,/maind/,v,介意；留心
mine,/main/,pron,我的
mineral water,/ˈminərəl ˈwɔ:tə/,n,矿泉水，矿质水
minute,/'minit. mai'nju:t/,n,分，分钟，片刻
mirror,/'mirə/,n,镜子
Miss,/mis/,n,小姐，女士
miss,/mis/,v,想念；错过；未击中
mistake,/mis'teik/,n,错误
mobile phone,/ˈməubail fəun/,n,手机
modern,/'mɒdən/,adj,现代的
moment,/'məumənt/,n,片刻，瞬间
Monday,/'mʌndi/,n,星期一
money,/'mʌni/,n,金钱，一笔款，财富
monkey,/'mʌŋki/,n,猴子
month,/mʌnθ/,n,月，月份
monthly,/'mʌnθli/,adj & adv,每月的，每月一次的
moon,/mu:n/,n,月亮，月球
more,/mɒ:/,"adj, det, pron & adv",更多的；更
morning,/'mɒ:niŋ/,n,早晨，上午
most,/məust/,"adj, det, pron & adv",大多数；最
mother,/'mʌðə/,n,母亲
motorbike,/'məjtəbaik/,n,摩托车
motorway,/'məutəwei/,n,高速公路
mountain,/'mauntin/,n,山，山脉
mouse,/maus/,n,老鼠；鼠标
mouth,/mauθ/,n,嘴，口，口腔
move,/mu:v/,v,移动；搬家；感动
MP3 player,/ˌem piː θriː 'pleiə/,n,MP3 播放器
Mr,/'mistə(r)/,n,先生，存储器回收程序，多重请求
Mrs,/'misiz/,n,太太
Ms,/miz/,n,美国微软公司，主存储器，制造系统
much,/mʌtʃ/,"adj, det, pron & adv",许多的，大量的
mummy,/'mʌmi/,n,妈妈
museum,/mju:'ziəm/,n,博物馆
music,/'mju:zik/,n,音乐，乐曲
musician,/mju:'ziʃən/,n,音乐家，乐师，作曲家
must,/mʌst/,v,必须，一定
my,/mai/,det,我的
myself,/mai'self/,pron,我自己，我亲自，我独自
name,/neim/,n,名字，名称
narrow,/'nærəu/,adj,狭窄的
national,/'næʃənəl/,adj,国家的，国立的，全国性的
nationality,/.næʃə'næləti/,n,国籍，国家，民族性
nature,/'neitʃə/,n,自然，大自然
near,/niə/,adv & prep,近的；接近
nearly,/'niəli/,adv,几乎，密切地
neck,/nek/,n,脖子，颈
need,/ni:d/,v,需要
neighbour,/'neibə/,n,邻居
nephew,/'nefju:/,n,侄子；外甥
never,/'nevə/,adv,从不，决不，不曾
new,/nju:/,adj,新的，陌生的，最近的
news,/nju:z/,n,新闻，消息
newsagent,/'nju:zeidʒənt/,n,报刊经销商
newspaper,/'nju:z.peipə/,n,报纸
New Year,/'nju:'jɜ:/,n,新年
next,/'nekst/,adj & adv,下一个的，然后，其次的
next to,/'nekst tu:/,prep,紧挨着，在…近旁
nice,/nais/,adj,美好的，令人愉快的
niece,/ni:s/,n,侄女；外甥女
night,/nait/,n,夜，夜晚，晚上
nine,/nain/,num,九
nineteen,/.nain'ti:n/,num,十九
nineteenth,/.nain'ti:nθ/,num,第十九
ninety,/'nainti/,num,九十
ninth,/nainθ/,num,第九
no,/nəu/,det & exclam,不，没有
nobody,/'nəubɒdi/,pron,无人，没有人
noisy,/'nɒizi/,adj,嘈杂的，喧闹的
none,/nʌn/,pron,没有人，无一物，并无一个
noodles,/'nu:dlz/,n pl,面条
noon,/nu:n/,n,正午，中午
no one,/nəu wʌn/,pron,没有人
normal,/'nɒ:ml/,adj,正常的，正规的，标准的
north,/nɒ:θ/,"n, adj & adv",北方；北的
North America,/nɒ:θ ə'merikə/,n,北美洲
nose,/nəuz/,n,鼻子
not,/nɒt/,adv,不，非，未
note,/nəut/,n & v,笔记；便条；注意到
notebook,/'nəutbuk/,n,笔记本
nothing,/'nʌθiŋ/,pron,没有什么，没有东西
November,/nəu'vembə/,n,十一月
now,/nau/,adv,现在，刚才，目前
nowhere,/'nəuhweə/,adv,无处，到处都无
number,/'nʌmbə/,n,数字；号码
nurse,/nɜ:s/,n,护士
occupation,/.ɒkju'peiʃən/,n,职业，工作
o'clock,/ə'klɔk/,adv,…点钟
October,/ɒk'təubə/,n,十月
of,/ɒv/,prep,的，属于
of course,/ɒv kɒ:s/,adv,当然
off,/ɒf/,adv,走开，掉，下
office,/'ɒfis/,n,办公室
often,/'ɒ:fn/,adv,经常，常常
oil,/ɒil/,n,油；石油
OK,/'əu'kei/,exclam,好的；行；可以
old,/əuld/,adj,老的，旧的，古老的
omelette,/'ɒmlit/,n,煎蛋卷，炒蛋
on,/ɒn/,prep & adv,在...之上，上去
once,/wʌns/,adv,一次，曾经，一旦
one,/wʌn/,"pron, det & num",一，任何人，一个
onion,/'ʌnjən/,n,洋葱
online,/ˌɒnˈlaɪn/,adj & adv,在线的；联网的
only,/'əunli/,adv & adj,只有，唯一的，仅仅
open,/'əupən/,adj & v,开着的；打开
opera,/'ɒpərə/,n,歌剧
opposite,/'ɒpəzit/,prep,在…对面；对面的
or,/ɒ:/,conj,或，或者
orange,/'ɒ:rindʒ/,adj & n,橙子；橙色（的）
order,/'ɒ:də/,n,顺序；命令；订购
other,/'ʌðə/,det,其他的，另外的，他人
our,/'auə/,det,我们的
ours,/'auəz/,pron,我们的
ourselves,/.auə'selvz/,pron,我们自己
out,/aut/,adv,在外；熄灭
outdoor,/'autdɒ:/,adj,户外的，屋外的，露天的
outdoors,/'aut'dɒ:z/,adv,在户外，在野外
outside,/'aut'said/,prep & adv,在外面；在…外面
over,/'əuvə/,prep & adv,在…上方；越过；结束
own,/əun/,adj,自己的，嫡亲的，同胞的
pack,/pæk/,v,包装；收拾（行李）
page,/peidʒ/,n,页，页面
pain,/pein/,n,疼痛；痛苦
paint,/peint/,v & n,油漆；绘画，涂色
painter,/'peintə/,n,画家；油漆工
pair,/peə/,n,一双，一对，一副
pancake,/'pænkeik/,n,薄煎饼
paper,/'peipə/,n & adj,纸，纸做的，文件
pardon,/'pɑ:dn/,exclam,请再说一遍；原谅
parent,/'perənt/,n,父（母）亲
park,/pɑ:k/,n & v,公园；停车
parking,/'pɑ:kiŋ/,n,停车（活动）
parrot,/'pærət/,n,鹦鹉
part,/pɑ:t/,n,部分，局部，零件
party,/'pɑ:ti/,n,宴会，党，政党
pass,/pæs/,v,经过，越过，变化
passenger,/'pæsindʒə/,n,乘客，旅客
passport,/'pæspɒ:t/,n,护照，手段，通行证
past,/pɑ:st/,prep,越过，晚于，超越
pasta,/'pæstə/,n,意大利面食
path,/pɑ:θ/,n,路径，小路，道路
pay,/pei/,v,支付，付款，付清
peach,/pi:tʃ/,n,桃子
pear,/peə/,n,梨
pen,/pen/,n,钢笔，笔，笔调
pence,/pens/,n pl,便士（penny的复数）
pencil,/'pensl/,n,铅笔，色笔，眉笔
pencil case,/'pensl keis/,n,铅笔盒
pen-friend,/'pen frend/,n,通信朋友，笔友
penny,/'peni/,n,便士
people,/'pi:pl/,n pl,人，使住满人，人民
pepper,/'pepə/,n,胡椒粉，胡椒，辣椒
per,/pɜ:/,prep,每一，通过，经
perfect,/'pɜ:fikt/,adj,完美的
perhaps,/pə'hæps/,adv,也许，大概
person,/'pɜ:sn/,n,人，人身，人称
pet,/pet/,n,宠物
petrol,/'petrəl/,n,汽油
petrol station,/ˈpetrəl ˈsteiʃən/,n,加油站
pharmacy,/'fɑ:məsi/,n,药房，药店
phone,/fəun/,v & n,电话；打电话
photo,/'fəutəu/,n,相片，照片
photographer,/fə'tɔ^rəfə/,n,摄影师
photography,/fə'tɒgrəfi/,n,摄影，摄影术
piano,/pi'ɑ:nəu/,n,钢琴
picnic,/'piknik/,n,野餐
picture,/'piktʃə/,n,图画，照片
pie,/pai/,n,馅饼；派
piece,/pi:s/,n,块，片，篇
piece of cake,/pi:s ɔv keik/,n,一块蛋糕；轻松的事
pillow,/'piləu/,n,枕头
pilot,/'pailət/,n,飞行员
pink,/piŋk/,adj,粉红色的
pity,/'piti/,n,遗憾，可惜
pizza,/'pi:tsə/,n,比萨饼
place,/pleis/,n,地方，地点
plan,/plæn/,n & v,计划；打算
plane,/plein/,n,飞机；平面
plant,/plænt. plɑ:nt/,n,植物；工厂
plastic,/'plæstik/,n & adj,塑料
plate,/pleit/,n,盘子，碟子
platform,/'plætfɒ:m/,n,站台，月台，讲台
play,/plei/,v & n,玩耍；比赛；剧本
player,/'pleiə/,n,运动员；选手；玩家
playground,/'pleigraund/,n,操场，游乐场
pleasant,/'pleznt/,adj,令人愉快的
please,/pli:z/,v & exclam,请；使高兴
p.m.,/ˌpiː ˈem/,adv,下午，午后
pocket,/'pɒkit/,n,口袋
point,/pɒint/,n & v,指，指向；要点
police,/pə'li:s/,n,警察
police car,/pə'li:s kɑ:/,n,警车
police officer,/pəˈli:s ˈɔfisə/,n,警察
police station,/pə'li:s 'steiʃən/,n,警察局，派出所
pool,/pu:l/,n,水池，泳池
poor,/puə. pɒ:/,adj,贫穷的；可怜的
pop,/pɒp/,n & adj,流行音乐；砰的一声；汽水
popular,/'pɒpjulə/,adj,通俗的，流行的，受欢迎的
possible,/'pɒsəbl/,adj,可能的，潜在的，合适的
post,/pəust/,v & n,邮政，邮件；邮寄
postcard,/'pəustkɑ:d/,n,明信片
poster,/'pəustə/,n,海报，招贴
postman,/'pəustmən/,n,邮递员
post office,/pəust 'ɒfis/,n,邮局
potato,/pə'teitəu/,n,马铃薯，土豆
pound,/paund/,n,英镑；磅
practice,/'præktis/,n,练习；实践
practise,/'præktis/,v,练习
prefer,/pri'fɜ:/,v,更喜欢
present,/'preznt/,n,礼物；现在的
pretty,/'priti/,adj,漂亮的
price,/prais/,n,价格
printer,/'printə/,n,打印机
prize,/praiz/,n,奖赏，奖品
problem,/'prɒbləm/,n,问题，难题
programme,/'prəugræm/,n,节目；程序；计划
project,/'prɒdʒekt/,n,计划，项目
pull,/pul/,v,拉，拖，拔
pupil,/'pju:pl/,n,学生
purple,/'pɜ:pl/,adj,紫色的
purse,/pɜ:s/,n,钱包
push,/puʃ/,v,推
put,/put/,v,放，摆
put on,/put ɒn/,phr v,穿上，戴上；上演
pyjamas,/pə'dʒɑ:məs/,n pl,睡衣
quarter,/'kwɒ:tə/,n,四分之一；一刻钟
queen,/'kwi:n/,n,女王，王后
question,/'kwestʃən/,n,问题
quick,/kwik/,adj,快的，迅速的
quickly,/'kwikli/,adv,快地
quiet,/'kwaiət/,adj,安静的
quite,/kwait/,adv,相当，十分
quiz,/kwiz/,n,小测验，知识竞赛
rabbit,/'ræbit/,n,兔子
race,/reis/,n & v,赛跑，比赛；种族
racket,/'rækit/,n,球拍
radio,/'reidiəu/,n,收音机；无线电
railway,/'reilwei/,n,铁路
railway station,/'reilwei 'steiʃən/,n,火车站
rain,/rein/,n & v,雨；下雨
rainbow,/'reinbəu/,n,彩虹
raincoat,/'reinkəut/,n,雨衣
rainforest,/'rein'fɔrist/,n,雨林
rainy,/'reini/,adj,下雨的；多雨的
rap,/ræp/,n,说唱音乐；轻敲
rather,/'ræðə/,adv,宁可；相当，有点
read,/ri:d/,v,读，阅读
reading,/'ri:diŋ/,n,阅读（活动）
ready,/'redi/,adj,准备好的
real,/'riəl/,adj,真的，真实的
really,/'riəli/,adv,确实，真的
receptionist,/ri'sepʃənist/,n,接待员
red,/red/,adj,红色的
reggae,"/'re,^ei/",n,雷鬼音乐
remember,/ri'membə/,v,记得，记住
rent,/rent/,v,租用；出租
repair,/ri'peə/,v,修理，修补
rest,/rest/,n & v,休息；其余
restaurant,/'restərɒŋ/,n,餐馆，饭店
return,/ri'tɜ:n/,n & v,回来，返回；归还
rice,/rais/,n,米，米饭
rich,/ri:tʃ/,adj,富裕的；丰富的
ride,/raid/,n & v,骑，乘坐
riding,/'raidiŋ/,n,骑马（活动）
right,/rait/,"n, adj & adv",正确的；右边的；右边
river,/'rivə/,n,河，江
road,/rəud/,n,路，道路
roast,/rəust/,v & adj,烤，炙
rock,/rɒk/,n,岩石；摇滚乐
roof,/ru:f/,n,屋顶
room,/ru:m/,n,房间；空间
round,/raund/,adj,圆的；球形的
roundabout,/'raundə.baut/,n,环岛，环形交叉口
rubber,/'rʌbə/,n,橡皮
ruler,/'ru:lə/,n,尺子
run,/rʌn/,v,跑，奔跑；经营
Russia,/'rʌʃə/,n,俄罗斯
Russian,/'rʌʃən/,adj & n,俄罗斯的；俄罗斯人；俄语
sad,/sæd/,adj,伤心的，难过的
safe,/seif/,adj,安全的
sail,/seil/,v,航行；帆
sailing,/'seiliŋ/,n,航行，航海术，启航
salad,/'sæləd/,n,色拉，沙拉
sale,/seil/,n,出售；大减价
salt,/sɒ:lt/,n,盐
same,/seim/,adj & pron,相同的，相同的人(或事物)，同样的
sandwich,/'sændwitʃ/,n,三明治
Saturday,/'sætədi/,n,星期六
sausage,/'sɒsidʒ/,n,香肠
save,/seiv/,v,救；储蓄；节省
say,/sei/,v,说，讲
scarf,/skɑ:f/,n,围巾
school,/sku:l/,n,学校
schoolbag,/'sku:lbæ^/,n,书包
science,/'saiəns/,n,科学
scissors,/'sizəz/,n pl,剪刀
scooter,/'sku:tə/,n,小型摩托车，踏板车
score,/skɒ:/,n & v,得分；分数
screen,/skri:n/,n,屏幕；银幕
sea,/si:/,n,大海，海洋
season,/'si:zn/,n,季节
seat,/si:t/,n,座位
second,/'sekənd/,n & adj,第二（的）；秒
secretary,/'sekrətəri/,n,秘书
see,/si:/,v,看见；明白
sell,/sel/,v,卖，出售
send,/send/,v,发送；寄
sentence,/'sentəns/,n,句子
September,/sep'tembə/,n,九月
seven,/'sevn/,num,七
seventeen,/sevn'ti:n/,num,十七
seventeenth,/sevn'ti:nθ/,num,第十七
seventh,/'sevnθ/,num,第七
seventy,/'sevnti/,num,七十
several,/'sevərəl/,det & adj,几个，一些
shall,/ʃæl/,v,将要
shampoo,/ʃæm'pu:/,v & n,洗发水；洗头发
sharpener,/'ʃɑ:pnə/,n,卷笔刀
she,/ʃi:/,pron,她
sheet,/ʃi:t/,n,床单；一张纸
shelf,/ʃelf/,n,架子，搁板
ship,/ʃip/,n,船，舰
shirt,/ʃɜ:t/,n,衬衫
shoe,/ʃu:/,n,鞋
shoes,/ʃu:z/,n pl,鞋
shop,/ʃɒp/,n & v,商店；购物
shop assistant,/ʃɔp əˈsistənt/,n,店员
shopper,/'ʃɒpə/,n,购物者
shopping,/'ʃɒpiŋ/,n,购物
short,/ʃɒ:t/,adj,短的；矮的
shorts,/ʃɔ:ts/,n pl,短裤
should,/ʃud/,v,应该
shoulder,/'ʃəuldə/,n,肩膀
shout,/ʃaut/,v,高喊，呼喊
show,/ʃəu/,v & n,展示；演出；节目
shower,/'ʃauə/,n,阵雨；淋浴
shut,/ʃʌʃ/,v,关上
sick,/sik/,adj,有病的；恶心的
side,/said/,n,旁边；面，侧面
silver,/'silvə/,n & adj,银；银色的
simple,/'simpl/,adj,简单的
since,/sins/,prep,自...以后，自...以来
sincerely,/sin'siəli/,adv,真诚地
sing,/siŋ/,v,唱，唱歌
singer,/'siŋə/,n,歌手
single,/'siŋgl/,adj,单身的；单一的
sister,/'sistə/,n,姐妹
sit,/sit/,v,坐
sit down,/sit daun/,phr v,坐下
sitting room,/'sitiŋ ru:m/,n,起居室
six,/siks/,num,六
sixteen,/'siks'ti:n/,num,十六
sixteenth,/'siks'ti:nθ/,num,第十六
sixth,/siksθ/,num,第六
sixty,/'siksti/,num,六十
size,/saiz/,n,大小，尺寸
skate,/skeit/,v,滑冰，滑旱冰
skateboard,/'skeitbɔ:d/,n,滑板
skating,/'skeitiŋ/,n,滑冰（活动）
ski,/ski:/,v,滑雪
skiing,/'ski:iŋ/,n,滑雪（运动）
skirt,/skɜ:t/,n,短裙，裙子
sky,/skai/,n,天空
sleep,/sli:p/,v,睡，睡觉
sleepy,/'sli:pi/,adj,困的；想睡的
slice,/slais/,n,薄的切片，一部分，菜刀
slow,/sləu/,adj,慢的
slowly,/'sləuli/,adv,慢地
small,/smɒ:l/,adj,小的
smile,/smail/,n & v,微笑；笑容
smoke,/sməuk/,v,吸烟；烟
snack,/snæk/,n,小吃，点心
snake,/sneik/,n,蛇
snow,/snəu/,n & v,雪；下雪
snowboard,/'snəubɔ:d/,n,滑雪板
snowboarding,/ˈsnəʊbɔ:dɪŋ/,n,单板滑雪，滑板滑雪，滑雪板
snowy,/'snəui/,adj,下雪的；多雪的
so,/səu/,conj & adv,所以，如此，因此
soap,/səup/,n,肥皂
sock,/sɒk/,n,短袜
sofa,/'səufə/,n,沙发
soft,/sɒft/,adj,软的，温和的，柔和的
some,/sʌm/,det & pron,一些，若干
somebody,/'sʌmbɒdi/,pron,有人，某人
someone,/'sʌmwʌn/,pron,有人，某人
something,/'sʌmθiŋ/,pron,某事，某物
sometimes,/'sʌmtaimz/,adv,有时
somewhere,/'sʌmhweə/,adv,某处
son,/sʌn/,n,儿子
song,/sɒŋ/,n,歌曲
soon,/su:n/,adv,不久，很快
sorry,/'sɒri/,adj,难过的；抱歉的
sound,/saund/,v,声音；听起来
soup,/su:p/,n,汤
south,/sauθ/,"n, adj & adv",南方；南的
South America,/sauθ ə'merikə/,n,南美洲
space,/speis/,n,空间；太空
Spain,/spein/,n,西班牙
Spanish,/'spæniʃ/,adj & n,西班牙的；西班牙人；西班牙语
speak,/spi:k/,v,说，讲（某种语言）
special,/'speʃəl/,adj,特别的
spell,/spel/,v,拼写
spend,/spend/,v,花费；度过
spoon,/spu:n/,n,勺子，汤匙
sport,/spɒ:t/,n,运动
sports centre,/spɔ:ts ˈsentə/,n,体育中心，运动馆
spring,/spriŋ/,n,春天，弹簧，跳跃
square,/skweə/,n & adj,正方形；广场
stadium,/'steidiəm/,n,体育场
staff,/stɑ:f/,n,全体职员
stage,/steidʒ/,n,舞台；阶段
stairs,/steəz/,n pl,楼梯
stamp,/stæmp/,n,邮票；印章
stand,/stænd/,v,站，站立；忍受
star,/stɑ:/,n & v,星，恒星；明星
start,/stɑ:t/,v,开始，启动
station,/'steiʃən/,n,车站
stay,/stei/,v,停留，逗留；保持
steak,/steik/,n,牛排，肉排
steal,/sti:l/,v,偷，窃取
still,/stil/,adv,仍然
stomach,/'stʌmək/,n,胃，肚子
stop,/stɒp/,n & v,停止；车站
store,/stɒ:/,n,商店；储存
storm,/stɒ:m/,n,暴风雨
stormy,/'stɒ:mi/,adj,有暴风雨的
story,/'stɒ:ri/,n,故事，小说
straight,/streit/,adj,直的；笔直地
straight on,/streit ɒn/,adv,一直向前
strange,/streindʒ/,adj,奇怪的；陌生的
strawberry,/'strɒ:bəri/,n,草莓
street,/stri:t/,n,街道
strong,/strɒŋ/,adj,强壮的；坚固的
student,/'stju:dnt/,n,学生
studies,/'stʌdiz/,n pl,学习，学业
study,/'stʌdi/,v,学习；研究
subject,/'sʌbdʒekt/,n,科目，学科；主题
success,/sək'ses/,n,成功，成就
such,/sʌtʃ/,det & adj,如此的，这样的
suddenly,/'sʌdənli/,adv,突然
sugar,/'ʃugə/,n,糖
suit,/sju:t. su:t/,n,西装，套装；适合
suitcase,/'sju:tkeis/,n,手提箱
summer,/'sʌmə/,n,夏季，夏天
sun,/sʌn/,n,太阳，阳光
Sunday,/'sʌndi/,n,星期日
sunny,/'sʌni/,adj,阳光充足的
supermarket,/'sju:pəmɑ:kit/,n,超级市场，超市
supper,/'sʌpə/,n,晚餐
suppose,/sə'pəuz/,v,推想，认为
sure,/ʃuə/,adj,确信的，肯定的
surfboard,/'sɜ:fbɒ:d/,n,冲浪板，用冲浪板滑水
surfboarding,/ˈsɜ:fbɔ:dɪŋ/,n,冲浪板运动
surfing,/'sɜ:fiŋ/,n,冲浪运动
surname,/'sɜ:neim/,n,姓，别号，绰号
surprise,/sə'praiz/,n,惊奇，惊讶；惊喜
surprised,/sə'praizd/,adj,感到惊讶的
sweater,/'swetə/,n,毛衣，毛线衫
sweet,/swi:t/,n & adj,糖果；甜的
swim,/swim/,v,游泳
swimming,/'swimiŋ/,n,游泳（活动）
swimming costume,/'swimiŋ 'kɒstju:m/,n,泳衣
swimming pool,/ˈswɪmɪŋ pu:l/,n,游泳池
table,/'teibl/,n,桌子；表格
table-tennis,/'teɪbəl tenɪs/,n,乒乓球
take,/teik/,v,拿，取；带走
take off,/teik ɒf/,phr v,脱下；起飞
talk,/tɒ:k/,n & v,谈话，交谈
tall,/tɒ:l/,adj,高的
taxi,/'tæksi/,n,出租车，计程车
tea,/ti:/,n,茶；茶叶
teach,/ti:tʃ/,v,教，讲授
teacher,/'ti:tʃə/,n,教师
team,/ti:m/,n,队，组
teenager,/'ti:nidʒə/,n,青少年（13-19岁）
telephone,/'telifəun/,n & v,电话；打电话
television,/'teli.viʒən/,n,电视
tell,/tel/,v,告诉；吩咐
temperature,/'temprətʃə/,n,温度；体温
ten,/ten/,num,十
tennis,/'tenis/,n,网球
tennis player,/ˈtenis ˈpleɪə/,n,网球运动员
tent,/tent/,n,帐篷
tenth,/tenθ/,num,第十
term,/tɜ:m/,n,学期；术语；期限
terrible,/'terəbl/,adj,可怕的；极坏的
test,/test/,n,测试，测验
text,/tekst/,n & v,短信；文本；课文
text book,/tekst buk/,n,课本，教科书
text message,/tekst ˈmesidʒ/,n,短信，文字信息
than,/ðæn/,prep & conj,比
thank,/θæŋk/,v,谢谢，感谢
the,/ðə/,det,这，那（定冠词）
theatre,/ˈθɪətə/,n,剧院，剧场
their,/ðeə/,det,他们的
theirs,/ðeəz/,pron,他们的（东西）
them,/ðem/,pron,他们，她们，它们
themselves,/ðəm'selvz/,pron,他们自己
then,/ðen/,adv,然后；当时
there,/ðeə/,adv,在那里
these,/ði:z/,det & pron,这些
they,/ðei/,pron,他们，它们
thin,/θin/,adj,薄的；细的；瘦的
thing,/θiŋ/,n,东西，事物
think,/θiŋk/,v,想，思考，认为
third,/θɜ:d/,num,第三
thirsty,/'θɜ:sti/,adj,口渴的
thirteen,/'θɜ:'ti:n/,num,十三
thirteenth,/'θɜ:ti:nθ/,num,第十三
thirtieth,/'θɜ:tiiθ/,num,第三十
thirty,/'θɜ:ti/,num,三十
thirty-first,/'θɜ:ti:f'ɜ:st/,num,第三十一
this,/θis/,det & pron,这，这个
those,/ðəuz/,det & pron,那些
thousand,/'θauznd/,num,千
three,/θri:/,num,三
through,/θru:/,prep,经过，穿过
throw,/θrəu/,v,投，掷，抛
thumb,/θʌm/,n,拇指
thunderstorm,/'θʌndəstɒ:m/,n,雷暴，雷雨
Thursday,/'θɜ:zdi/,n,星期四
ticket,/'tikit/,n,票，券
tidy,/'taidi/,adj & v,整齐的；整理
tidy up,/'taidi ʌp/,v,整理，收拾
tie,/tai/,n & v,领带；系
tiger,/'taigə/,n,老虎
tights,/taits/,n pl,紧身衣裤，裤袜
till,/til/,prep,直到，在…以前
time,/taim/,n,时间；次，回
tiny,/'taini/,adj,极小的
tired,/taiəd/,adj,疲累的，疲乏的，厌倦的
to,/tu:/,prep,到，向
toast,/təust/,n,烤面包片；吐司
today,/tə'dei/,n & adv,今天；当今
toe,/təu/,n,脚趾
together,/tə'geðə/,adv,一起，共同
toilet,/'tɒilit/,n,厕所，洗手间
tomato,/tə'mɑ:təu/,n,番茄，西红柿
tomorrow,/tə'mɒ:rəu/,n & adv,明天
tonight,/tə'nait/,n & adv,今晚，今夜
too,/tu:/,adv,也；太
tooth,/tu:θ/,n,牙齿
toothbrush,/'tu:θbrʌʃ/,n,牙刷
top,/tɒp/,n,顶部；上衣
total,/'təutl/,adj & n,总共的；总数
tour,/tuə/,n & v,旅游，观光
tour guide,/tuə gaid/,n,导游
tourist,/'tuərist/,n,游客，观光客
tourist information centre,/'tuərist .infə'meiʃən 'sentə/,n,旅游信息中心
towel,/'tauəl/,n,毛巾
town,/taun/,n,城镇
toy,/tɒi/,n,玩具
traffic,/'træfik/,n,交通，运输
traffic lights,/'træfik laits/,n pl,红绿灯
train,/trein/,n,火车；训练
trainers,/'treinəz/,n pl,运动鞋
tram,/træm/,n,有轨电车
travel,/'trævl/,v,旅行，出行
travel agent,/'trævl 'eidʒənt/,n,旅行社；旅行代理人
tree,/tri:/,n,树，树木
triangle,/'traiæŋgl/,n,三角形
trip,/trip/,n,旅行，出行
trouble,/'trʌbl/,n,烦恼，麻烦
trousers,/'trauzəz/,n pl,裤子，长裤
true,/tru:/,adj,真实的
try,/trai/,v,试，尝试
try on,/trai ɒn/,phr v,试穿
T-shirt,"/'ti:,ʃɜ:t/",n,T恤衫，短袖衫
Tuesday,/'tju:zdi/,n,星期二
turn,/tɜ:n/,v,转动，转弯；变得
turn off,/tɜ:n ɒf/,phr v,关掉，关上
turn on,/tɜ:n ɒn/,phr v,打开，开启
TV,/'ti:'vi:/,n,电视
twelfth,/twelfθ/,num,第十二
twelve,/twelv/,num,十二
twentieth,/'twentiiθ/,num,第二十
twenty,/'twenti/,num,二十
twenty-eighth,/'twenti eitθ/,num,第二十八
twenty-fifth,/'twenti fifθ/,num,第二十五
twenty-first,/ˈtwenti: fɜ:st/,num,第二十一
twenty-fourth,/'twenti fɒ:θ/,num,第二十四
twenty-ninth,/'twenti nainθ/,num,第二十九
twenty-second,/ˌtwentɪ'sekənd/,num,第二十二
twenty-seventh,/'twenti 'sevnθ/,num,第二十七
twenty-sixth,/'twenti siksθ/,num,第二十六
twenty-third,/ˌtwentɪ'θɜ:d/,num,第二十三
twice,/twais/,adv,两次；两倍
two,/tu:/,num,二
type,/taip/,n,类型，样式
tyre,/'taiə/,n,轮胎
ugly,/'ʌgli/,adj,丑的
umbrella,/ʌm'brelə/,n,伞，雨伞
uncle,/ʌŋkl/,n,叔叔，伯父，舅舅
under,/'ʌndə/,prep,在…下面
underground,/'ʌndəgraund/,n & adj,地铁；地下的
understand,/.ʌndə'stænd/,v,理解，明白
unhappy,/.ʌn'hæpi/,adj,不高兴的；不快乐的
uniform,/'ju:nifɒ:m/,n,制服
university,/.ju:ni'vɜ:siti/,n,大学
until,/ən'til/,prep,直到
up,/ʌp/,prep & adv,向上；在上面
upstairs,/'ʌp'steəz/,adv,在楼上
us,/ʌs/,pron,我们
use,/ju:s/,v,使用，运用
useful,/'ju:sful/,adj,有用的
usual,/'ju:ʒuəl/,adj,平常的，通常的
usually,/'ju:ʒuəli/,adv,通常
van,/væn/,n,面包车；货车
variety,/və'raiəti/,n,多样，种类
vegetable,/'vedʒətəbl/,n,蔬菜
very,/'veri/,adv,非常
video,/'vidiəu/,n,录像；视频
video recorder,/'vidiəu ri'kɒ:də/,n,录像机
village,/'vilidʒ/,n,村庄
violin,/.vaiə'lin/,n,小提琴
visit,/'vizit/,v,拜访，参观
visitor,/'vizitə/,n,参观者，游客
volleyball,/'vɒlibɒ:l/,n,排球
wait,/weit/,v,等候，等待
waiter,/'weitə/,n,服务员
waitress,/'weitris/,n,女服务员
wake up,/weik ʌp/,phr v,醒来，唤醒
walk,/wɒ:k/,v,走路，步行
wall,/wɒ:l/,n,墙，墙壁
wallet,/'wɒlit/,n,皮夹，钱包
want,/wɒnt/,v,要，想要
warm,/wɒ:m/,adj,暖和的，温暖的
wash,/wɒʃ/,v,洗，洗涤
wash up,/wɒʃ ʌp/,phr v,洗餐具；洗手洗脸
watch,/wɒtʃ/,n & v,手表；观看
water,/'wɒ:tə/,n,水
wave,/weiv/,n & v,波浪；挥手
way,/wei/,n,路，路线；方法
we,/wi:/,pron,我们
weak,/wi:k/,adj,虚弱的
wear,/weə/,v,穿，戴；磨损
weather,/'weðə/,n,天气
website,/ˈwebsaɪt/,n,网站
wedding,/'wediŋ/,n,婚礼
Wednesday,/'wenzdi/,n,星期三
week,/wi:k/,n,星期，周
weekday,/'wi:kdei/,n,工作日，平日
weekend,/'wi:kend/,n,周末
weekly,/'wi:kli/,adj & adv,每周的
welcome,/'welkəm/,v,欢迎
well,/wel/,adv & adj,好；健康的；井
west,/west/,"n, adj & adv",西方；西的
wet,/wet/,adj,湿的，多雨的
whale,/hweil/,n,鲸
what,/hwɒt/,det & pron,什么
wheel,/hwi:l/,n,轮子；车轮
when,/hwen/,adv,何时，当…时候
where,/hweə/,adv,在哪里
which,/hwitʃ/,det & pron,哪一个
while,/hwail/,conj,当…的时候；虽然
white,/hwait/,adj,白色的
who,/hu:/,pron,谁
whole,/həul/,adj & n,整个的，全部的
whose,/hu:z/,pron,谁的
why,/hwai/,adv,为什么
wide,/waid/,adj,宽的
wife,/waif/,n,妻子
wild,/waild/,adj,野生的；野性的
will,/wil/,v,将要；愿意
win,/win/,v,赢得，获胜
wind,/wind/,n,风
window,/'windəu/,n,窗户
windsurfing,/'wind.sɜ:fiŋ/,n,帆板运动
windy,/'windi/,adj,多风的
winner,/'winə/,n,获胜者；赢家
winter,/'wintə/,n,冬季，冬天
wish,/wiʃ/,n & v,愿望；祝愿
wishes,/wiʃiz/,n pl,祝愿，祝福
with,/wið/,prep,和…在一起；用
without,/wi'ðaut/,prep,没有，无
woman,/'wumən/,n,女人，妇女
wonderful,/'wʌndəful/,adj,令人惊奇的；极好的
wood,/wud/,n,木材，木头
wool,/wul/,n,羊毛；毛线
work,/wɜ:k/,n & v,工作，劳动
worker,/'wɜ:kə/,n,工人；工作者
working hours,/'wɜ:kiŋ auəz/,n pl,工作时间
world,/wɜ:ld/,n,世界，地球
worry,/'wʌri/,v,使烦恼；担心
would,/wud/,v,将；愿意
write,/rait/,v,书写，写
write down,/rait daun/,phr v,写下，记下
writer,/'raitə/,n,作家
wrong,/rɒŋ/,adj,错误的
year,/jiə/,n,年，年度
yellow,/'jeləu/,adj,黄色的；黄色
yes,/jes/,exclam,是，对
yesterday,/'jestədi/,n & adv,昨天
yet,/jet/,adv,还，尚
you,/ju:/,pron,你，你们
young,/jʌŋ/,adj,年轻的
your,/juə/,det,你的，你们的
yours,/juəz/,pron,你的（东西），你们的（东西）
yourself,/juə'self/,pron,你自己
zero,/'ziərəu/,n,零
zoo,/zu:/,n,动物园
