单词,音标,词性,中文
"a, an",/ei/,art,第一个字母 A; 一个; 第一的\r
able,/'eibl/,adj,"a. 能干的, 能够的"
about,/ә'baut/,adv & prep,"prep. 在...周围, 大约, 有关, 关于"
I have about £3.,,adv,我有大约3英镑。
a book about animals,,prep,一本关于动物的书
above,/ә'bʌv/,prep,"prep. 在上方, 超出"
act,/ækt/,v,"n. 行动, 行为, 幕, 法案"
accident,/'æksidәnt/,n,"n. 意外事件, 机遇, 事故, 次要方面"
across,/ә'krɒs/,prep,"prep. 越过, 穿过, 与...相交叉, 在...的对面"
activity,/æk'tiviti/,n,"n. 活动, 行动, 活跃, 活力"
actor,/'æktә/,n,"n. 男演员, 行动者"
actually,/'æktʃuәli/,adv,"adv. 事实上, 竟然, 如今, 现在"
add,/æd/,v,"vt. 增加, 添加, 附带说明, 计算...总和"
address,/ә'dres/,n,"n. 住址, 演说, 举止, 灵巧, 求爱"
adult,/'ædʌlt/,adj & n,"n. 成人, 成虫"
advanced,/әd'vɑ:nst/,adj,"a. 在前的, 高级的, 先进的, 年老的"
adventure,/әd'ventʃә/,n,"n. 冒险, 冒险经历"
advertisement,/.ædvә'taizmәnt/,n,"n. 广告, 启事, 广告宣传"
aeroplane,/'єәrәplein/,n,n. 飞机
afraid,/ә'freid/,adj,"a. 害怕的, 恐怕的, 遗憾的"
after,/'ɑ:ftә/,adv & prep,"prep. 在...之后, 由于"
afternoon,/'ɑ:ftә'nu:n/,n,"n. 午后, 下午"
afterwards,/'ɑ:ftәwәdz/,adv,"adv. 然后, 后来"
again,/ә'gein/,adv,"adv. 再一次, 又, 到原处"
against,/ә'geinst/,prep,"prep. 反对, 对着, 倚靠"
age,/eidʒ/,n,"n. 年龄, 老年, 成年, 寿命, 时代, 时期"
ago,/ә'gәu/,adv,adv. 以前
agree,/ә'gri:/,v,"vi. 同意, 赞成, 应允, 适合"
air,/єә/,n,"n. 空气, 旋律, 态度"
airport,/'єәpɒ:t/,n,n. 飞机场
all,/ɒ:l/,det & pron,"a. 所有的, 全部的, 一切的"
all right/alright,,adv,"好, 顺利, 良好的, 正确的"
almost,/'ɒ:lmәust/,adv,"adv. 几乎, 差不多"
alone,/ә'lәun/,adj & adv,"a. 孤独的, 单独的, 独自的"
already,/ɒ:l'redi/,adv,"adv. 已经, 早已"
also,/'ɒ:lsәu/,adv,"adv. 也, 并且, 同样地"
always,/'ɒ:lweiz/,adv,"adv. 总是, 始终"
a.m.,,adv,"上午, 午前"
amazing,/ә'meiziŋ/,adj,a. 令人惊异的
ambulance,/'æmbjulәns/,n,n. 救护车
among,/ә'mʌŋ/,prep,prep. 在...之中
and,/ænd/,conj,"conj. 和, 与"
angry,/'æŋgri/,adj,"a. 生气的, 愤怒的"
animal,/'ænimәl/,n,n. 动物
another,/ә'nʌðә/,det & pron,"a. 另外的, 再一的, 不同的"
answer,/'ɑ:nsә/,n & v,"n. 答案, 回答, 回报, 答辩"
any,/'eni/,det and pron,a. 任何的
anybody,/'enibɒdi/,pron,pron. 任何人
anyone,/'eniwʌn/,pron,pron. 任何人
anything,/'eniθiŋ/,pron,pron. 任何事
anyway,/'eniwei/,adv,"adv. 无论如何, 至少"
anywhere,/'enihwєә/,adv,adv. 无论何处
apartment,/ә'pɑ:tmәnt/,n,"n. 房间, 公寓"
apple,/'æpl/,n,"n. 苹果, 家伙"
appointment,/ә'pɒintmәnt/,n,"n. 约会, 委任的职位, 委派"
area,/'єәriә/,n,"n. 区域, 面积, 范围, 空地"
arm,/ɑ:m/,n,"n. 手臂, 袖子, 狭长港湾, 武器"
(a)round,/raund/,adv & prep,"n. 圆, 圆形物, 巡回, 循环, 一轮, 一回合, 一局, 范围, 轮唱"
to travel around,,adv,到处旅行
to sit around the table,,prep,围坐在桌旁
arrive,/ә'raiv/,v,"vi. 到达, 抵达"
art,/ɑ:t/,n,"n. 艺术, 人文科学, 技术, 巧妙, 诡计, 美术"
article,/'ɑ:tikl/,n,"n. 文章, 冠词, 物品, 物件, 条款, 契约"
artist,/'ɑ:tist/,n,"n. 艺术家, 画家"
as,/æz/,prep,"adv. 同样地, 例如"
ask,/ɑ:sk/,v,"vi. 问, 要求"
assistant,/ә'sistәnt/,n,"n. 助手, 助理, 助教"
as well,,adv,也
as well as,,prep phr,"也, 又"
at,/æt/,prep,"prep. 在, 向, 对"
at / @,/æt/,n,"prep. 在, 向, 对"
at all,,adv,"根本, 完全"
aunt,/ɑ:nt/,n,"n. 阿姨, 姨妈, 舅妈, 姑妈, 伯母"
autumn,/'ɒ:tәm/,n,"n. 秋天, 成熟期"
away,/ә'wei/,adv,adv. 离去
baby,/'beibi/,n,n. 婴孩
back,/bæk/,"n, adv & adj",a. 后面的
bad,/bæd/,adj,a. 坏的
bag,/bæg/,n,"n. 袋子, 袋状物"
ball,/bɒ:l/,n,"n. 球, 舞会, 球状物"
banana,/bә'nɑ:nә/,n,n. 香蕉
band,/bænd/,n,"n. 带子, 队, 乐队"
bank,/bæŋk/,n,"n. 银行, 堤, 岸"
barbecue,/'bɑ:bikju:/,n,n. 烤肉
baseball,/'beisbɒ:l/,n,n. 棒球
basketball,/'bɑ:skitbɒ:l/,n,n. 篮球
bath,/bæθ.bɑ:θ/,n,"n. 沐浴, 浴室"
bathroom,/'bɑ:θru:m/,n,"n. 浴室, 厕所"
be,/bi:/,v,"v. 是, 表示, 在"
beach,/bi:tʃ/,n,n. 海滩
bear,/bєә/,n,n. 熊
beautiful,/'bju:tiful/,adj,a. 美丽的
because,/bi'kɒ:z/,conj,conj. 因为
become,/bi'kʌm/,v,"vi. 变成, 变得"
bed,/bed/,n,"n. 床, 睡眠处, 河床, 底座, 路基, 一层"
bedroom,/'bedrum/,n,n. 卧室
before,/bi'fɒ:/,adv & prep,prep. 在...之前
begin,/bi'gin/,v,v. 开始
beginner,/bi'ginә/,n,n. 初学者
behind,/bi'haind/,adv & prep,adv. 在后地
believe,/bi'li:v/,v,v. 相信
belong,/bi'lɒŋ/,v,"vi. 属于, 合适"
below,/bi'lәu/,prep,prep. 在下面
belt,/belt/,n,"n. 带子, 地带"
between,/bi'twi:n/,prep,prep. 在...之间
bicycle,/'baisikl/,n,n. 自行车
big,/big/,adj,"a. 大的, 重要的"
bike,/baik/,n,"n. 自行车, 脚踏车"
bill,/bil/,n,"n. 帐单, 清单, 钞票, 鸟嘴, 广告, 法案, 票据"
bird,/bә:d/,n,"n. 鸟, 羽毛球"
birthday,/'bә:θdei/,n,n. 生日
biscuit,/'biskit/,n,n. 饼干
bit,/bit/,n,"n. 少量, 马嚼子, 辅币"
black,/blæk/,adj,"n. 黑色, 黑颜料"
blanket,/'blæŋkit/,n,"n. 毛毯, 毯子"
blond(e),/blɒnd/,adj,a. 金发的
blouse,/blauz/,n,n. 宽松的上衣
blue,/blu:/,adj,n. 蓝色
board,/bɒ:d/,n,"n. 木板, 甲板, 膳食, 会议桌"
boat,/bәut/,n,n. 船
body,/'bɒdi/,n,"n. 身体, 人, 尸体, 主要部分, 团体"
boil,/bɒil/,v,"n. 煮沸, 沸腾, 疖"
book,/buk/,n & v,"n. 书, 书籍, 帐簿, 名册, 工作簿"
bookshelf,/'bukʃelf/,n,n. 书架
bookshop,/'bukʃɒp/,n,n. 书店
boot,/bu:t/,n,"n. 长靴, 踢, 解雇, 效用"
bored,,adj,a. 无聊的；烦人的；无趣的
boring,/'bɒ:riŋ/,adj,"a. 烦人的, 无聊的, 无趣的"
born,/bɒ:n/,adj,a. 天生的
borrow,/'bɒrәu/,v,"vt. 借, 借入, 借用"
boss,/bɒs/,n,"n. 老板, 上司, 岩瘤, 浮雕, 母牛"
both,/bәuθ/,pron & det,a. 两者的
bottle,/'bɒtl/,n,"n. 瓶子, 酒瓶"
bottom,/'bɒtәm/,n,n. 底部
bowl,/bәul/,n,"n. 碗, 木球, 大酒杯"
box,/bɒks/,n,"n. 盒子, 箱, 方框, 一巴掌"
boy,/bɒi/,n,n. 男孩
brake,/breik/,n & v,"n. 刹车, 阻碍, 丛林"
bread,/bred/,n,"n. 面包, 生计, 食物"
break,/breik/,n & v,"n. 休息, 中断, 破裂处, 绝交, 破晓, 突变"
a break for lunch,,n,午餐休息
Someone’s broken the window.,,v,有人打破了窗户。
breakfast,/'brekfәst/,n,n. 早餐
bridge,/bridʒ/,n,"n. 桥, 舰桥, 桥梁, 桥牌"
brilliant,/'briljәnt/,adj,"a. 光辉的, 灿烂的, 有才气的"
bring,/briŋ/,v,"vt. 带来, 产生, 促使, 提出"
brother,/'brʌðә/,n,n. 兄弟
brown,/braun/,adj,n. 褐色
build,/bild/,v,"v. 建立, 建筑"
building,/'bildiŋ/,n,"n. 建筑物, 建筑"
burger,/'bә:ɡә/,n,n. 汉堡包（等于hamburger）
burn,/bә:n/,v,"vt. 烧, 烧毁, 烧伤"
bus,/bʌs/,n,n. 公共汽车
business,/'biznis/,n,"n. 生意, 事情, 业务, 商业, 商行, 职责"
businessman,/'biznismæn/,n,"n. 商人, 实业家, 工商业家"
businesswoman,/'bizniswjmæn/,n,"n. 商人, 办理实务的人, 经商者"
bus station,/bʌs ˈsteiʃən/,n,n. 公交车站
bus stop,,n,公共汽车站
busy,/'bizi/,adj,"a. 忙碌的, 热闹的, 没空的"
but,/bʌt/,conj,prep. 除了
butter,/'bʌtә/,n,"n. 奶油, 黄油"
buy,/bai/,v,"vt. 买, 获得"
by,/bai/,prep,"prep. 被, 经, 由, 在...之旁"
cafe/café,/kɑ:'fei/,n,"n. 咖啡馆, 酒店"
cake,/keik/,n,"n. 蛋糕, 块, 饼"
call,/kɒ:l/,v,"n. 呼叫, 访问, 打电话, 号召, 召集, 要求"
camel,/'kæml/,n,"n. 骆驼, 打捞浮筒"
camera,/'kæmәrә/,n,"n. 照相机, 摄影机, 密谈室, 暗箱"
camp,/kæmp/,n & v,"n. 露营, 帐篷"
campsite,/kæmp'sait/,n,n. 营地
can,/kæn/,n & v,vt. 装罐
canal,/kә'næl/,n,"n. 运河, 水道, 管, 沟渠"
car,/kɑ:/,n,"n. 汽车, 客车"
card,/kɑ:d/,n,"n. 卡片, 纸牌, 节目单, 明信片, 梳棉机"
career,/kә'riә/,n,"n. 事业, 生涯, 成功"
careful,/'kєәful/,adj,"a. 小心的, 谨慎的"
carpet,/'kɑ:pit/,n,"n. 地毯, 地毯状物"
carrot,/'kærәt/,n,n. 胡萝卜
carry,/'kæri/,v,"n. 进位, 射程, 运载"
cartoon,/kɑ:'tu:n/,n,"n. 卡通画, 漫画"
cash,/kæʃ/,n & v,n. 现金
I’d like to cash this cheque.,,v,我想兑现这张支票。
castle,/'kæsl. 'kɑ:sl/,n,"n. 城堡, 象棋中的车"
cat,/kæt/,n,"n. 猫, 恶妇"
catch,/kætʃ/,v,"n. 捕捉, 陷阱, 捕捉之物, 抓, 拉手"
cathedral,/kә'θi:drәl/,n,n. 大教堂
CD,,n,"n. 镭射碟, 镭射唱片"
CD player,,n,激光唱机；CD播放器
cent,/sent/,n,n. 分
centre,/'sentә/,n,"n. 中心, 中心点, 中锋"
centimetre,"/'senti,mi:tә(r)/",n,"n. 厘米, 公分"
century,/'sentʃuri/,n,"n. 世纪, 百年"
certain,/'sә:tәn/,adj,"a. 确定的, 某一个的, 必然的"
certainly (not),/'sә:tәnli/,adv,adv. 确定地
chair,/tʃєә/,n,"n. 椅子, 显要的席位, 主席"
change,/tʃeindʒ/,v & n,"n. 变化, 找回的零钱, 找头, 更换"
channel,/'tʃænәl/,n,"n. 海峡, 航道, 频道"
chat,/tʃæt/,n,n. 闲谈
chatroom,/'tʃætˌru:m/,n,（电脑网络上的）聊天室，交谈室
cheap,/tʃi:p/,adj,"a. 便宜的, 不值钱的, 可鄙的"
check,/tʃek/,v,"n. 检查, 支票, 阻止物, 寄物牌, 象棋中将军"
cheers!,,exclam,痛饮一杯
cheese,/tʃi:z/,n,n. 乳酪
chemist,/'kemist/,n,"n. 化学家, 药剂师"
cheque,/tʃek/,n,n. 支票
chicken,/'tʃikin/,n,"n. 小鸡, 鸡肉"
child,/tʃaild/,n,"n. 孩子, 产物, 追随者"
chips,/tʃips/,n pl,n. 炸土豆条；小木片；（作赌注用的）圆形筹码；缺口（chip的复数形式）
chocolate,/'tʃɒkәlit/,n,n. 巧克力
choose,/tʃu:z/,v,"vt. 选择, 宁愿, 欲"
church,/tʃә:tʃ/,n,"n. 教堂, 礼拜, 教会"
cinema,/'sinәmә/,n,"n. 电影院, 电影"
circus,/'sә:kәs/,n,"n. 马戏团, 马戏, 竞技场"
city,/'siti/,n,"n. 城市, 市"
class,/klɑ:s/,n,"n. 班级, 阶级, 种类, 课"
class member,,n,是类成员
classical,/'klæsikl/,adj,"a. 古典的, 正统派的, 经典的"
classmate,/'klɑ:smeit/,n,n. 同班同学
classroom,/'klɑ:sru:m/,n,n. 教室
clean,/kli:n/,adj & v,"a. 干净的, 清白的, 简洁的"
clear,/kliә/,adj,"a. 清楚的, 明确的, 澄清的"
clever,/'klevә/,adj,"a. 聪明的, 精明的"
click,/klik/,v,"n. 咔哒声, 啪嗒声"
climb,/klaim/,v,"v. 攀登, 上升, 爬"
clock,/klɒk/,n,"n. 时钟, 计时器, (袜子上的)绣花边花"
close,/klәuz/,v,"n. 结束, 完结"
closed,/klәuzd/,adj,"a. 关闭的, 限于少数人的"
close to,,prep phr,"接近于, 靠近于"
clothes,/klәuðz/,n pl,n. 衣服
cloud,/klaud/,n,"n. 云, 阴暗, 烟雾, 疑团"
cloudy,/'klaudi/,adj,"a. 多云的, 有愁容的, 云的, 浑浊的"
clown,/klaun/,n,"n. 小丑, 乡下人"
club,/klʌb/,n,"n. 俱乐部, 木棍, 球棒"
coach,/kәutʃ/,n,"n. 四轮大马车, 教练"
coat,/kәut/,n,n. 外套
coffee,/'kɒfi/,n,"n. 咖啡, 咖啡色"
cold,/kәuld/,adj & n,"n. 感冒, 寒冷"
colleague,/'kɒli:g/,n,"n. 同事, 同僚"
collect,/kә'lekt/,v,"v. 收集, 聚集, 集中, 搜集"
college,/'kɒlidʒ/,n,"n. 学院, 大学, 学会"
colour,/'kʌlә/,n,"n. 颜色, 面色, 颜料, 外貌"
comb,/kәum/,n,"n. 头梳, 鸡冠"
come,/kʌm/,v,"vi. 过来, 来, 到达, 出现, 开始"
comfortable,/'kʌmfәtәbl/,adj,"a. 舒服的, 轻松的"
company,/'kʌmpәni/,n,"n. 公司, 友伴, 交往, 连队, 朋友, 一群"
competition,/.kɒmpi'tiʃәn/,n,"n. 竞争, 竞赛"
computer,/kәm'pju:tә/,n,"n. 电脑, 电子计算机"
concert,/'kɒnsәt/,n,"n. 音乐会, 和声, 一致"
congratulations!,,exclam,恭喜您！
conversation,/.kɒnvә'seiʃәn/,n,"n. 会话, 说话, 交谈"
cook,/kuk/,n & v,"n. 厨子, 厨师"
cooker,/'kukә/,n,"n. 炊事用具, 炉灶, 锅, 炊具, 烹饪用水果, 窜改者, 伪造者"
cool,/ku:l/,adj,"n. 凉爽, 凉爽的空气"
corner,/'kɒ:nә/,n,"n. 角落, 转角, 窘境"
correct,/kә'rekt/,adj,"a. 正确的, 合适的"
cost,/kɒst/,n & v,"n. 代价, 价值, 费用"
costume,/'kɒstju:m/,n,"n. 装束, 服装"
could,/kud/,v,"aux. 可以, 能"
country,/'kʌntri/,n,"n. 国家, 乡村, 地区, 故乡"
countryside,/'kʌntrisaid/,n,"n. 乡下地方, 乡下居民"
course,/kɒ:s/,n,"n. 课程, 路线, 过程, 一道菜, 道路"
of course,,not,当然
cousin,/'kʌzәn/,n,"n. 堂兄弟姊妹, 表兄弟姊妹"
cow,/kau/,n,"n. 母牛, 母兽"
cream,/kri:m/,n,"n. 乳酪, 奶油, 面霜"
credit card,,n,"[计] 信用卡, 记帐卡"
cross,/krɒs/,v,"n. 十字架, 十字架形物件, 交叉, 十字标, 交叉路, 磨难, 杂交"
crossing,/'krɒsiŋ/,n,"n. 横越, 横渡, 交叉点, 渡口"
dinner,/'dinә/,n,"n. 晚餐, 正餐, 宴会"
dinosaur,/'dainәsɒ:/,n,n. 恐龙
diploma,/di'plәumә/,n,"n. 文凭, 毕业证书"
dirty,/'dә:ti/,adj,"a. 肮脏的, 卑鄙的"
disco,/'diskәu/,n,"n. 夜总会, 迪斯科, 的士高"
discount,/'diskaunt/,n,"n. 折扣, 贴现率"
dish,/diʃ/,n,"n. 盘子, 碟, 菜肴"
crossroads,,n,"n. 十字路口, 交叉路口, 聚会的中心地点, (喻)需作抉择的重要关头, 紧要关头"
crowd,/kraud/,n,"n. 群众, 一伙人"
crowded,/'kraudid/,adj,"a. 拥挤的, 塞满的"
cry,/krai/,v,"n. 叫声, 哭声, 大叫"
cup,/kʌp/,n,"n. 杯子, 茶杯, 优胜杯"
cupboard,/'kʌpbɒ:d/,n,"n. 食橱, 碗柜, 餐具柜"
curtains,/'kә:tәnz/,n,n. [俚]灾难；窗帘（curtain的复数）
customer,/'kʌstәmә/,n,n. 消费者
cut,/kʌt/,v,"n. 切口, 割伤, 降低, 切, 割, 砍, 削, 伤口, 削减, 缩短, 删节, 通路"
cycle,/'saikl/,v,"n. 周期, 循环, 自行车, 一段时间, 整套"
dad(dy),/dæd/,n,"n. 爸爸, 爹爹"
daily,/'deili/,adj & adv,"a. 每日的, 日常的"
dance,/dæns. dɑ:ns/,n & v,"n. 跳舞, 舞蹈, 舞会"
dancing,/'dænsiŋ/,n,n. 舞蹈
danger,/'deindʒә/,n,"n. 危险, 威胁"
dangerous,/'deindʒәrәs/,adj,a. 危险的
dark,/dɑ:k/,adj,"n. 黑暗, 夜, 黄昏, 模糊"
date,/deit/,n,"n. 日期, 约会, 枣椰树"
daughter,/'dɒ:tә/,n,n. 女儿
day,/dei/,n,"n. 天, 日子, 白天, 工作日"
dead,/ded/,adj,"a. 死的, 不活泼的, 麻木的, 熄灭的"
dear,/'diә/,adj,n. 亲爱的人
decide,/di'said/,v,"v. 决定, 判决"
degree,/di'gri:/,n,"n. 程度, 度数, 学位, 度"
delay,/di'lei/,n & v,"n. 耽搁, 迟滞"
There will be a delay of two hours.,,n,将延迟两小时。
The flight is delayed.,,v,航班延误。
dentist,/'dentist/,n,n. 牙科医生
department,/di'pɑ:tmәnt/,n,"n. 部门, 系, 机关"
describe,/di'skraib/,v,"vt. 描述, 描绘, 画"
desk,/desk/,n,"n. 书桌, 办公桌, 工作台"
diary,/'daiәri/,n,n. 日记
dictionary,/'dikʃәnәri/,n,"n. 字典, 词典"
die,/dai/,v,"vi. 死亡, 消逝, 平息, 熄灭, 漠然, 渴望"
difference,/'difәrәns/,n,"n. 不同, 差异"
different,/'difәrәnt/,adj,a. 不同的
difficult,/'difikәlt/,adj,a. 困难的
digital,/'didʒitәl/,adj,"a. 数字显示的, 数字的"
dining room,,n,饭厅
do,/du:/,v,"v. 做, 进行, 完成"
doctor,/'dɒktә/,n,"n. 医生, 博士"
dog,/dɒg/,n,"n. 狗, 坏蛋"
dollar,/'dɒlә/,n,"n. 美元, 元(加、澳等国货币单位)"
dolphin,/'dɒlfin/,n,n. 海豚
door,/dɒ:/,n,n. 门
dot,/dɒt/,n,"n. 点, 圆点, 小数点, 小东西, 嫁妆"
double,/'dʌbl/,adj,n. 两倍
down,/daun/,adv & prep,a. 向下的
download,,n & v,"[计] 卸载, 下栽"
internet.,,v,互联网。
Can you get these as a download?,,n,您可以下载这些文件吗？
downstairs,/'daun'stєәz/,adv,n. 楼下
dragon,/'drægәn/,n,"n. 龙, 凶暴的人"
draw,/drɒ:/,v,"vi. 拉, 拖, 拔剑"
drawing,/'drɒ:iŋ/,n,"n. 图画, 制图, 拉"
dream,/dri:m/,n & v,"n. 梦, 空想, 愿望"
dress,/dres/,n & v,"n. 服装, 覆盖物"
drink,/driŋk/,n & v,"n. 饮料, 酒"
drive,/draiv/,v,"n. 驾车, 快车道, 推进力, 驱动, 动力, 击球, 驱动器"
driving licence,/ˈdraiviŋ ˈlaisəns/,n,n. 驾驶执照
drum,/drʌm/,n,"n. 鼓, 鼓声"
dry,/drai/,adj & v,"a. 干的, 无酒的, 枯燥无味的, 干燥的"
during,/'djuәriŋ/,prep,prep. 在...的时候
DVD,,n,abbr. 数字化视频光盘（Digital Video Disk）
DVD player,,n,DVD机
each,/i:tʃ/,det & pron,"a. 每个, 每一"
ear,/iә/,n,"n. 耳朵, 倾听, 听觉, 穗"
early,/'ә:li/,adj & adv,"a. 早的, 早熟的"
earn,/ә:n/,v,"vt. 赚得, 获得, 博得"
east,/i:st/,"n, adj & adv","n. 东方, 东"
easy,/'i:zi/,adj,"a. 容易的, 缓缓的, 舒适的, 从容的, 宽容的, 流畅的, 随便的, 自在的, 疲软的"
eat,/i:t/,v,"v. 吃, 腐蚀"
egg,/eg/,n,"n. 蛋, 卵"
electric,/i'lektik/,adj,"a. 电的, 导电的, 电动的"
electricity,/.ilek'trisiti/,n,"n. 电, 电流, 电学, 热情, 电力供应"
elephant,/'elifәnt/,n,n. 象
else,/els/,adv,"a. 别的, 其他的"
email,/'i:'meil/,n & v,n. 电子信函
empty,/'empti/,adj & v,"a. 空的, 空虚的, 空腹的, 空洞的"
end,/end/,v & n,"n. 结束, 终点, 目标, 末端, 梢, 死亡, 残余"
engine,/'endʒin/,n,"n. 引擎, 发动机, 机车"
engineer,/.endʒi'niә/,n,"n. 工程师, 工兵"
enjoy,/in'dʒɒi/,v,"vt. 享受, 喜欢, 欣赏"
enough,/i'nʌf/,det & pron,"n. 充足, 够, 很多"
enter,/'entә/,v,"vt. 进入, 参加, 开始, 输入, 回车"
entrance,/'entrәns/,n,"n. 入口, 进入点, 入场, 入学, 进入, 开始(阶段), 就任"
envelope,/'envәlәup/,n,"n. 信封, 封套, 封袋"
euro,/'juәrәu/,n,n. 欧元（欧盟的统一货币单位）
even,/'i:vәn/,adv,"a. 平坦的, 相等的, 连贯的, 均等的, 公平的, 偶数的, 平均的, 平衡的, 恰好的"
evening,/'i:vniŋ/,n,"n. 傍晚, 晚间, 末期"
ever,/'evә/,adv,"adv. 曾经, 究竟, 永远"
every,/'evri/,det,"a. 每一, 所有的"
everybody,/'evribɒdi/,pron,"pron. 每个人, 人人"
everyone,/'evriwʌn/,pron,"pron. 每个人, 人人"
everything,/'evriθiŋ/,pron,"pron. 每件事物, 所有事物"
everywhere,/'evrihwєә/,adv,"adv. 各处, 到处"
examination/exam,/ig.zæmi'neiʃәn/,n,"n. 考试, 测验, 审查"
example,/ig'zæmpl/,n,"n. 例子, 样本, 实例"
excellent,/'ekslәnt/,adj,"a. 优良的, 杰出的, 出色的"
except,/ik'sept/,prep,"vt. 除, 除外"
exercise,/'eksәsaiz/,n & v,"n. 行使, 执行, 运动, 练习, 作业"
excited,/ik'saitid/,adj,"a. 兴奋的, 已励磁的, 已激发的, 激昂的, 激动的"
exciting,/ik'saitiŋ/,adj,"a. 令人兴奋的, 刺激的"
excuse,/ik'skju:z/,v,"vt. 原谅, 申辩, 做为...的托辞"
exhibition,/.eksi'biʃәn/,n,"n. 表现, 展览会, 展览品"
exit,/'eksit/,n,"n. 出口, 退场, 离去, 去世"
expensive,/ik'spensiv/,adj,"a. 贵的, 奢华的, 费用浩大的, 乱化钱的"
explain,/ik'splein/,v,"v. 解释, 说明"
explore,/ik'splɒ:/,v,"v. 探险, 探测, 探究"
explorer,/ik'splɒ:rә/,n,"n. 探险家, 探测者, 勘探器"
extra,/'ekstrә/,det & adj,"n. 额外的事物, 另外的收费"
face,/feis/,n,"n. 脸, 面容, 正面, 外观"
factory,/'fæktәri/,n,"n. 工厂, 产生地, 代理店"
fan,/fæn/,n,"n. 风扇, 迷, 狂热者, 爱好者"
fail,/feil/,v,"vi. 失败, 缺乏, 中断, 衰退, 失灵"
fair,/fєә/,adj,"n. 展览会, 市集, 美好的事物"
fall,/fɒ:l/,v,"n. 落下, 瀑布, 采伐量, 下降, 落差, 降低, 堕落, 秋天"
family,/'fæmәli/,n,"n. 家庭, 家人, 族"
famous,/'feimәs/,adj,"a. 出名的, 极好的"
far,/fɑ:/,adv,"a. 远的, 久远的, 遥远的"
farm,/fɑ:m/,n,"n. 农场, 农田"
fashion,/'fæʃәn/,n,"n. 流行, 风尚, 时样"
fast,/fɑ:st/,adj & adv,"a. 快速的, 紧的"
fast food,/fɑ:st fu:d/,n,n. 速食; 快餐
fat,/fæt/,adj,"n. 脂肪, 脂油, 肥肉"
father,/'fɑ:ðә/,n,"n. 父亲, 祖先, 长辈, 神父, 创始者"
favourite,/'feivәrit/,adj,n. 喜欢的事物
feel,/fi:l/,v,"vt. 感觉, 觉得, 触摸, 以为"
festival,/'festәvәl/,n,"a. 节日的, 喜庆的, 快乐的"
few,/fju:/,det & adj,"a. 很少的, 不多的, 少数的"
field,/fi:ld/,n,"n. 领域, 田地, 场地, 战场, 场, 域"
fill,/fil/,v,"vt. 装满, 填充, 弥漫, 供给, 满足, 供应"
fill in,,phr v,"填充, 填写, 填满, 替代"
film,/film/,n & v,"n. 软片, 薄膜, 胶卷, 电影"
find,/faind/,v,"vt. 发现, 感到, 找到, 认为, 得到"
fine,/fain/,adj,"n. 罚款, 罚金, 晴天, 精细"
finish,/'finiʃ/,v,"n. 完成, 结束, 末道漆, 磨光, 完美"
fire,/'faiә/,n,"n. 火, 炉火, 电炉, 火灾, 闪光体, 炮火, 热情"
first,/fә:st/,adv & adj,"adv. 首先, 第一, 优先"
First… then…,,adv,首先…然后…
John came first.,,adv,约翰是第一位的。
first name,,adj,名
fish,/fiʃ/,n & v,"n. 鱼, 鱼肉, 鱼类, 接合板"
fit,/fit/,adj,"n. 适宜, 合身, 发作, 痉挛"
flat,/flæt/,n,"a. 平坦的, 单调的, 无力的, 浅的, 萧条的, 干脆的, 无聊的"
flight,/flait/,n,"n. 飞行, 射程, 逃走, 飞跃, 飞机航程, 班机, 迁徙, 飞逝"
floor,/flɒ:/,n,"n. 地板, 楼层, 底部, 底价"
flower,/'flauә/,n,"n. 花, 开花植物, 精华, 盛时"
fly,/flai/,n & v,"n. 苍蝇, 两翼昆虫, 飞行"
fog,/fɒg/,n,"n. 雾, 迷惑, (割后的)最生草, 苔藓"
foggy,/'fɒgi/,adj,"a. 雾深的, 模糊的"
follow,/'fɒlәu/,v,"vt. 跟随, 沿行, 遵循, 追求"
food,/fu:d/,n,"n. 食物, 养料"
foot,/fut/,n,"n. 脚, 步调, 英尺, 底部, 末尾, 步兵"
football,/'futbɒ:l/,n,"n. 足球, 橄榄球"
for,/fɒ:/,prep,"prep. 为, 因为, 至于"
foreign,/'fɒ:rin/,adj,"a. 外国的, 外交的, 外省的, 外来的, 不相关的"
forest,/'fɒrist/,n,"n. 森林, 林区"
forget,/fә'get/,v,"vt. 忘记, 忽略, 忘"
fork,/fɒ:k/,n,"n. 叉子, 叉状物, 分岔"
form,/fɒ:m/,n,"n. 形状, 形体, 类型, 方式, 表格, 形式"
free,/fri:/,adj,"a. 自由的, 享受政治权力的, 允许的, 免费的, 丰富的"
fresh,/freʃ/,adj,"a. 新鲜的, 新奇的, 另外的, 淡的, 精神饱满的, 冒失的"
fridge,/fridʒ/,n,n. 电冰箱
fried,/fraid/,adj,a. 油炸的
friend,/frend/,n,"n. 朋友, 支持者, 赞助者"
friendly,/'frendli/,adj,"a. 友好的, 亲切的, 互助的"
from,/frɒm/,prep,"prep. 从, 来自, 根据"
front,/frʌnt/,n,"n. 前面, 开头, 前线, 阵线, 态度"
fruit,/fru:t/,n,"n. 水果, 果类, 结果"
fry,/frai/,v,"n. 油炸食物, 鱼苗"
full (of),/ful/,adj,"n. 全部, 完整"
fun,/fʌn/,n,"n. 乐趣, 玩笑, 娱乐"
funny,/'fʌni/,adj,"a. 好笑的, 有趣的, 滑稽的"
furniture,/'fәnitʃә/,n,"n. 家具, 帆具"
game,/geim/,n,"n. 比赛, 玩耍, 比分, 得胜, 比赛规则, 策略, 游戏, 野味"
garage,/gә'rɑ:ʒ. 'gærɑ:ʒ/,n,"n. 车库, 汽车修理厂, 机库"
garden,/'gɑ:dn/,n,"n. 花园, 果园, 菜园"
gas,/gæs/,n,"n. 气体, 汽油, 瓦斯"
gate,/geit/,n,"n. 门, 牌楼, 大门, 通道, 闸"
get,/get/,v,"vt. 得到, 获得, 变成, 使得, 收获, 接通, 抓住, 染上"
get fit,,v,健身
get off,,phr v,"下来, 脱下, 出发, 动身, 开始, 被容忍"
get on,,phr v,"生活, 融洽相处, 进展, 穿上, 上去, 使前进"
get up,,phr v,"(使)起床, (使)起立, (使)爬上"
girl,/gә:l/,n,"n. 女孩, 少女, 女佣"
give,/giv/,v,"n. 弹性, 适应性"
glad,/glæd/,adj,"a. 高兴的, 喜欢的, 情愿的"
glass,/glɑ:s/,n & adj,"n. 玻璃, 玻璃杯, 透镜"
glasses,/'glɑ:siz/,n pl,n. 眼镜；双筒望远镜；玻璃（glass的复数形式）
go,/gou/,v,"vi. 去, 走, 达到, 运转, 查阅, 消失, 结束, 放弃, 花费, 流传, 趋于, 打算, 剩下"
go out,,phr v,"出去, 熄灭, 过时, 辞职, 倒塌, 罢工"
golf,/gɒlf/,n,n. 高尔夫球
gold,/gәuld/,n & adj,"n. 黄金, 钱财, 金块, 金色, 宝贵"
good,/gud/,adj,"n. 善行, 好处, 利益"
goodbye,/gud'bai/,exclam,interj. 再见
gram(me),/græm/,n,"n. 克, 绿豆, 鹰嘴豆"
grandchild,/'^rændtʃaild/,n,"n. 孙, 外孙女, 外孙, 孙女, 孙子"
grand(d)ad,/'^rændæd/,n,"n. 爷爷, 老太爷, 外公"
granddaughter,/'^rændɔ:tә(r)/,n,"n. 孙女, 外孙女"
grandfather,/'grændfɑ:ðә/,n,"n. 祖父, 始祖"
grandma,/'grændmɑ:/,n,"n. 奶奶, 外婆"
grandmother,/'grændmʌðә/,n,"n. 祖母, 女祖先"
grandpa,"/'^rænpɑ:, '^rændpɑ:/",n,"爷爷, 老太爷, 外公"
grandparent,/'grændperәnt/,n,n. 祖父母
grandson,/'grændsʌn/,n,"n. 孙子, 外孙"
grape,/greip/,n,"n. 葡萄, 葡萄树"
grass,/græs/,n,"n. 草, 草原, 牧场"
great,/greit/,adj,"a. 大的, 非常的, 主要的, 重大的, 崇高的, 伟大的"
green,/gri:n/,adj,"n. 绿色, 绿色颜料"
grey,/grei/,adj,n. 灰色
grill,/gril/,v,"n. 烤架, 铁格子, 烤肉"
grilled,/grild/,adj,"a. 烤的, 炙过的, 有格子的"
group,/gru:p/,n,"n. 团体, 组, 团, 群"
grow,/grәu/,v,"vt. 种植, 使长满"
grow up,,phr v,"成熟, 成年, 发展, 逐渐形成"
guest,/gest/,n,"n. 客人, 来宾, 旅客"
guest-house,/ɡest haus/,n,"n. 高级寄宿舍, 宾馆, 招待所"
guide,/gaid/,n,"n. 引导者, 导游, 指南, 路标"
guidebook,/'gaidbuk/,n,"n. 指南, 手册, 要览"
guitar,/gi'tɑ:/,n,n. 吉他
guy,/gai/,n,"n. 家伙, 支索"
hair,/hєә/,n,"n. 头发, 毛发, 些微"
hairdresser,/'hєәdresә/,n,"n. 美发师, 理发师"
hairdryer,/ˈheədraɪə(r)/,n,n. （吹干头发的）吹风机
half,/hɑ:f/,n & pron,"n. 一半, 半场, 不完全"
hall,/hɒ:l/,n,"n. 门厅, 走廊, 会堂"
hallo/hello!,/hә'lәu/,exclam,"interj. 嘿, 喂, 哈罗"
hand,/hænd/,n,"n. 手, 爪, 指针, 掌握, 协助, 人手, 手艺, 手迹, 支配, 插手"
happen,/'hæpәn/,v,"vi. 发生, 发生, 恰巧"
happy,/'hæpi/,adj,"a. 快乐的, 幸福的, 愉快的, 恰当的"
hard,/hɑ:d/,adj & adv,"a. 坚硬的, 硬的, 难的, 艰苦的, 困难的, 坚固的, 猛烈的, 艰难的, 结实的, 确实的"
the homework was hard,,adj,作业很辛苦
to work hard,,adv,努力工作
hard wood,,adj,硬木
hat,/hæt/,n,n. 帽子
hate,/heit/,v,"n. 憎恨, 恨, 厌恶"
have,/hæv/,v,"vt. 有, 怀有, 拿, 进行"
have got,/hæv gɔt/,v,拥有
have to,/ˈhæv tə/,v,"不得不, 只好; 只得; 必须; 不得已"
he,/hi:/,pron,pron. 他
head,/hed/,n,"n. 头, 头脑, 领袖, 脑袋, 最前的部分"
health,/'helθ/,n,"n. 健康, 卫生, 蓬勃, 健康状态"
healthy,/'helθi/,adj,"a. 健康的, 有益健康的, 卫生的"
hear,/hiә/,v,"vt. 听到, 倾听, 听说, 审理"
heart,/hɑ:t/,n,"n. 心, 心脏, 中心, 内心, 感情, 精神, 心情, 宝贝儿"
heating,/'hi:tiŋ/,n,"n. 加热, 供热, 暖气设备, 供暖系统, 暖气装置"
heavy,/'hevi/,adj,"a. 重的, 巨大的, 沉重的, 笨重的, 过度的"
helicopter,/'helikɒptә/,n,n. 直升机
help,/help/,v,"n. 帮忙, 帮助者, 补救办法, 有益的东西"
her,/hә:/,det & pron,"pron. 她的, 她"
herself,/hә:'self/,pron,"pron. 她自己, 她亲自"
here,/hiә/,adv,"adv. 在这里, 此时, 这里"
hers,/hә:z/,pron,pron. 她的
high,/hai/,adj,"n. 高度, 高处"
hill,/hil/,n,"n. 小山, 丘陵, 小土堆"
him,/him/,pron,pron. 他
himself,/him'self/,pron,"pron. 他自己, 他亲自"
hip hop,/hip hɔp/,n,n. 希普霍普
his,/hiz/,det & pron,pron. 他的
hit,/hit/,v,"n. 打击, 打, 冲撞, 讽刺"
hobby,/'hɒbi/,n,"n. 嗜好, 癖好, 爱好"
hockey,/'hɒki/,n,"n. 冰球, 曲棍球"
holiday(s),/'hɒlәdi/,n,"n. 假日, 假期, 节日"
home,/hәum/,n & adv,"n. 家, 避难所, 故乡"
homework,/'hәumwә:k/,n,"n. 家庭作业, 家里做的工作"
hope,/hәup/,v,"n. 希望, 信心, 期待"
horse,/hɒ:s/,n,"n. 马, 骑兵, 脚架"
hospital,/'hɒspitәl/,n,n. 医院
hot,/hɒt/,adj,"a. 热的, 热心的, 辣的, 热情的, 激动的, 猛烈的, 紧迫的"
hotel,/hәu'tel/,n,"n. 旅馆, 客栈"
hour,/auә/,n,"n. 小时, 钟头, 时间, ...点钟, 课时"
house,/haus/,n,"n. 房子, 住宅, 机构, 议院, 家族, 家庭"
how,/hau/,adv,"adv. 如何, 怎样, 多少, 多么"
hungry,/'hʌŋgi/,adj,"a. 饥饿的, 荒年的, 渴望的, 不毛的"
hurry,/'hʌri/,v,"n. 匆忙, 急忙, 急促"
hurt,/hә:t/,v,"n. 伤害, 创伤, 损害"
husband,/'hʌzbәnd/,n,"n. 丈夫, 管理人, 节俭的人"
I,/ai/,pron,pron. 我
ice,/ais/,n,"n. 冰, 冰淇淋, 糖衣, 冷若冰霜, 矜持, 贿赂"
ice cream,,n,冰淇淋
ice skating,/ais ˈskeɪtɪŋ/,n,滑冰
idea,/ai'diә/,n,"n. 主意, 办法, 理想, 思想, 概念, 意见"
if,/if/,conj,"conj. 如果, 是否, 无论何时, 假设, 即使"
ill,/il/,adj,"n. 疾病, 坏事, 罪恶, 灾难"
immediately,/i'mi:diәtli/,adv,"adv. 直接地, 立刻, 立即"
important,/im'pɒ:tәnt/,adj,"a. 重要的, 有地位的, 大量的, 显要的, 自负的"
impossible,/im'pɒsәbl/,adj,"a. 不可能的, 难以置信的, 令人无法忍受的"
improve,/im'pru:v/,v,"vt. 改良, 提高...的价值, 改善, 利用"
in,/in/,adv & prep,"prep. 在...期间, 在...之内, 处于...之中, 从事于, 按照, 穿着"
include,/in'klu:d/,v,"vt. 包括, 把...算入, 包住"
indoor,/'indɒ:/,adj,"a. 户内的, 室内的"
indoors,/'in'dɒ:z/,adv,adv. 在户内
information,/.infә'meiʃәn/,n,"n. 消息, 知识, 通知, 情报, 信息, 问讯处, 起诉"
in front of,,prep phr,在...前面
insect,/'insekt/,n,"n. 昆虫, 卑鄙的人"
inside,/'in'said/,adv & prep,"n. 内部, 内脏, 内幕"
instead,/in'sted/,adv,"adv. 作为替代, 反而"
instead of,,prep phr,代替
instructions,,n pl,n. 指令；说明（instruction的复数形式）
instrument,/'instrumәnt/,n,"n. 工具, 手段, 仪器"
insurance,/in'ʃurәns/,n,"n. 保险, 保险业, 保险费"
interested,/'intristid/,adj,a. 感兴趣的
interesting,/'intristiŋ/,adj,a. 有趣的
international,/.intә'næʃәnәl/,adj,a. 国际的
internet,/'intәnet/,n,"[计] 因特网, 国际互连网, 网际网络, 互连网络, 广域网"
into,/'intu:/,prep,"prep. 进入...之内, 朝..., 深入...之中, 成为...状况"
invite,/in'vait/,v,"vt. 邀请, 请求, 引起, 招致"
island,/'ailәnd/,n,"n. 岛, 岛屿, 孤立地区, 安全岛"
it,/it/,pron,pron. 它
its,/its/,det,pron. 它的
itself,/it'self/,pron,"pron. 它本身, 它自己"
jacket,/'dʒækit/,n,"n. 夹克, 外套, 护套"
jam,/dʒæm/,n,"n. 果酱, 拥塞之物, 堵塞, 困境"
jeans,/dʒi:nz/,n pl,"n. 工装裤, 牛仔裤"
job,/dʒɒb/,n,"n. 工作, 零活, 职业, 事情"
join,/dʒɒin/,v,"vi. 参加, 结合, 加入"
journalist,/'dʒә:nәlist/,n,"n. 新闻记者, 从事新闻杂志业的人"
journey,/'dʒә:ni/,n,"n. 旅程, 旅行, 行程"
juice,/dʒu:s/,n,"n. 汁, 活力, 体液"
jump,/dʒʌmp/,v,"n. 跳跃, 跳动, 暴涨, 惊跳"
just,/dʒʌst/,adv,"a. 正直的, 合理的, 正确的, 应得的"
keep,/ki:p/,v,"n. 生计, 维持, 保持"
key,/ki:/,n,"n. 钥匙, 键, 解答, 关键, 要害, 基调, 线索, 答案, 暗礁"
keyboard,/'ki:bɒ:d/,n,n. 键盘
kilo(gram[me]) / kg,,n,公斤（克[我] ）/公斤
kilometre / km,/'kilәjmi:tә(r)/,n,"n. 公里, 千米"
kind,/kaind/,adj & n,"n. 种类, 性质, 方式"
king,/kiŋ/,n,"n. 国王, 君主"
kitchen,/'kitʃin/,n,"n. 厨房, 全套炊具"
kite,/kait/,n,"n. 风筝, 筝帆, 空头支票, 骗子"
knife,/naif/,n,"n. 小刀, 匕首"
know,/nәu/,v,"v. 知道, 了解, 认识, 确信"
lake,/leik/,n,"n. 湖, 池, 色淀"
lamp,/læmp/,n,n. 灯
language,/'læŋgwidʒ/,n,"n. 语言, 文字, 措辞"
laptop (computer),,n,[计] 膝上型的
large,/lɑ:dʒ/,adj,"a. 大的, 大量的, 宽大的, 广博的"
last,/lɑ:st/,adj & adv,"a. 最后的, 末尾的, 最近的"
late,/leit/,adj & adv,"a. 迟的, 晚的, 已故的"
later,/'leitә/,adv,"adv. 以后, 随后"
laugh,/lɑ:f/,v,"n. 笑, 笑声"
learn,/lә:n/,v,vt. 学习；认识到；得知
leather,/'leðә/,n & adj,"n. 皮革, 皮制品, 马镫的皮带"
leave,/li:v/,v,"n. 许可, 告别, 请假, 休假"
left,/left/,"n, adj & adv","a. 左边的, 左倾的, 左侧的, 左派的"
Go to the left.,,n,向左转。
left hand,,adj,左手
Turn left.,,adv,左转。
leg,/leg/,n,"n. 腿, 假腿, 路程"
lemon,/'lemәn/,n,"n. 柠檬, 柠檬树, 柠檬色"
lemonade,/.lemә'neid/,n,n. 柠檬水
less,/les/,"adj, det, pron & adv","n. 较少, 较小"
lesson,/'lesn/,n,"n. 课, 课业, 教训"
let,/let/,v,"vt. 让, 假设, 出租, 排放, 妨碍"
letter,/'letә/,n,"n. 信, 字母, 证书, 字面意义, 铅字, 学问, 出租人"
level,/'levl/,n,"n. 水平, 水准, 平地"
library,/'laibrәri/,n,"n. 图书馆, 藏书, 库"
licence,/'laisns/,n,"n. 执照, 许可证, 特许"
lie down,,phr v,躺下
life,/laif/,n,"n. 生活, 生命, 人生, 世事, 生物, 寿命, 一生, 生命力, 灵魂, 无期徒刑"
lift,/lift/,n,"n. 举起, 帮助, 昂扬, 电梯"
light,/lait/,n & adj,"n. 光, 光亮, 灯, 日光, 发光体, 光源, 杰出人物, 火花, 眼光"
like,/laik/,"v, prep & adv","a. 相似的, 同样的"
I’d like a drink.,,v,我想喝一杯。
It’s like an orange but bigger.,,prep,它就像一个橙子，但更大。
What’s the weather like?,,adv,天气怎么样？
line,/lain/,n,"n. 列, 线, 绳, 电线, 线路, 路线, 航线, 作业线, 界线, 战线, 外形, 排, 家系"
lion,/'laiәn/,n,"n. 狮子, 狮子(星)座, 国际狮子会会员"
listen,/'lisn/,v,"vi. 听, 倾听, 听从"
litre,/li:tә(r)/,n,"n. 升, 公升"
little,/'litl/,"adj, det & pron","n. 一点点, 少许, 一会儿, 短时间"
live,/liv.laiv/,v,"a. 活的, 生动的, 精力充沛的, 实况转播的"
living room,,n,"客厅, 起居室"
long,/lɒŋ/,adj,"a. 长的, 长久的, 冗长的, 做多头的"
look,/luk/,v,"n. 一看, 神色, 样子, 面容"
look after,,phr v,"目送, 照顾, 关心"
look at,,phr v,"看, 考虑, 着眼于"
look for,,phr v,"寻找, 期待"
look out,,phr v,"面朝, 留神, 找出"
lorry,/'lɒri/,n,"n. 卡车, 货车"
lose,/lu:z/,v,"vt. 遗失, 损失, 丢失, 使失去, 错过, 浪费, 迷失, 使迷路, 输去, 使沉溺于"
lot,/lɒt/,n,"n. 运气, 签, 抽签, 份额, 许多, 一堆"
lots,/lɔts/,n,"n. 大量, 许多；一堆；命运（lot的复数）"
loud,/laud/,adj,"a. 大声的, 不断的, 喧吵的"
love,/lʌv/,n & v,"n. 爱, 恋爱, 爱情, 爱好, 性爱"
lovely,/'lʌvli/,adj,"a. 可爱的, 有趣的"
low,/lәu/,adj,"n. 低点, 低价, 低, 牛叫声"
luck,/lʌk/,n,"n. 运气, 幸运, 好运, 侥幸"
lucky,/'lʌki/,adj,"a. 幸运的, 吉祥的, 好运的, 侥幸的"
luggage,/'lʌgidʒ/,n,"n. 行李, 皮箱"
lunch,/lʌntʃ/,n,n. 午餐
machine,/mә'ʃi:n/,n,"n. 机器, 机械装置, 机构, 自动售货机, 机械般工作的人"
magazine,/.mægә'zi:n/,n,"n. 杂志, 仓库, 弹盒, 胶卷盒"
make,/meik/,v,"vt. 制造, 安排, 创造, 构成, 使得, 产生, 造成, 整理, 布置, 引起, 到达, 进行"
make up,,n,"弥补, 赔偿, 配制, 包装, 编辑, 虚构, 缝制, 组成, 和解, 结算, 整理, 化装"
man,/mæn/,n,"n. 男人, 人类, 人"
manager,/'mænidʒә/,n,"n. 经理, 管理员, 管理器"
many,/'meni/,"det, adj & prom","n. 多数, 多数人"
map,/mæp/,n,"n. 地图, 天体图, 映像"
market,/'mɑ:kit/,n,"n. 市场, 交易, 集市, 推销地区, 行情, 市面, 销路"
married,/'mærid/,adj,"a. 已婚的, 婚姻的"
match,/mætʃ/,n,"n. 比赛, 火柴, 对手"
matter,/'mætә/,v,"n. 事件, 物质, 原因, 素材, 实体, 重要"
maybe,/'meibi:/,adv,"adv. 也许, 大概"
me,/mi:/,pron,pron. 我
meal,/mi:l/,n,"n. 一餐, 膳食, 粗粉"
mean,/mi:n/,v,"a. 低劣的, 卑贱的, 简陋的, 吝啬的, 惭愧的, 平均的, 中间的, 普通的"
meat,/mi:t/,n,"n. 肉, 餐, 食物"
mechanic,/mi'kænik/,n,"n. 机械工, 技工"
medicine,/'medisin/,n,"n. 药, 医学, 内科"
meet,/mi:t/,v,"n. 会, 集会"
meeting,/'mi:tiŋ/,n,"n. 会议, 会面"
member,/'membә/,n,"n. 成员, 会员"
menu,/'menju:/,n,"n. 菜单, (功能)选择单"
message,/'mesidʒ/,n,"n. 消息, 通讯, 讯息, 教训, 预言, 广告词"
metre,/'mi:tә/,n,"n. 公尺, 格律, 韵律"
middle,/'midl/,n,"n. 中央, 中间, 腰部"
midnight,/'midnait/,n,"n. 午夜, 子夜, 半夜"
mile,/mail/,n,"n. 英里, 很大距离"
milk,/milk/,n,"n. 奶, 乳状物"
million,/'miljәn/,n,"n. 百万, 无数"
mind,/maind/,v,"n. 思想, 愿望, 智力, 记忆, 心理, 情绪, 理智, 主意, 心意"
mine,/main/,pron,"n. 矿, 矿藏, 地雷"
mineral water,/ˈminərəl ˈwɔ:tə/,n,"na. 矿泉水, 矿质水"
minute,/'minit. mai'nju:t/,n,"n. 分, 分钟, 片刻, 备忘录, 笔记"
mirror,/'mirә/,n,"n. 镜子, 写真, 典范"
Miss,/mis/,n,"n. 失误, 避免, 失败, 小姐"
miss,/mis/,v,"n. 失误, 避免, 失败, 小姐"
mistake,/mis'teik/,n,"n. 错误, 误会"
mobile (phone),/'mәubil/,n,"a. 移动的, 易变的, 机动的"
modern,/'mɒdәn/,adj,"n. 现代人, 有思想的人"
moment,/'mәumәnt/,n,"n. 片刻, 瞬间, 重要, 阶段, 力矩"
money,/'mʌni/,n,"n. 金钱, 一笔款, 财富, 货币, 金额"
monkey,/'mʌŋki/,n,"n. 猴子, 猿, 打桩锤"
month,/mʌnθ/,n,n. 月
monthly,/'mʌnθli/,adj & adv,n. 月刊
moon,/mu:n/,n,"n. 月亮, 月球, 月光"
more,/mɒ:/,"adj, det, pron & adv",n. 更多
morning,/'mɒ:niŋ/,n,"n. 早晨, 早上, 初期"
most,/mәust/,"adj, det, pron & adv","n. 最多, 最大"
mother,/'mʌðә/,n,"n. 母亲, 修女院长"
motorbike,/'mәjtәbaik/,n,"n. 机动脚踏两用车, 摩托车"
motorway,/'mәutәwei/,n,n. 高速公路
mountain,/'mauntin/,n,"n. 山, 山脉, 大堆"
mouse,/maus/,n,"n. 老鼠, 胆小羞怯的人, 鼠标"
mouth,/mauθ/,n,"n. 嘴, 口, 口腔, 口状物"
move,/mu:v/,v,"n. 移动, 迁居, 步骤"
MP3 player,,n,MP3 播放器
Mr,/'mistә(r)/,n,先生
Mrs,/'misiz/,n,太太
Ms,/miz/,n,美国微软公司
much,/mʌtʃ/,"adj, det, pron & adv","n. 大量, 许多, 重要的事"
mum(my),/mʌm/,n,"n. 菊花, 沉默"
museum,/mju:'ziәm/,n,n. 博物馆
music,/'mju:zik/,n,"n. 音乐, 乐曲"
musician,/mju:'ziʃәn/,n,"n. 音乐家, 乐师, 作曲家"
must,/mʌst/,v,"n. 必须, 未发酵葡萄汁, 绝对必要的事物"
my,/mai/,det,pron. 我的
myself,/mai'self/,pron,"pron. 我自己, 我亲自, 我独自"
name,/neim/,n,"n. 名字, 名称, 姓名, 名义, 名誉, 文件名"
national,/'næʃәnәl/,adj,"a. 国家的, 国立的, 全国性的, 民族的"
nationality,/.næʃә'nælәti/,n,"n. 国籍, 国家, 民族性"
nature,/'neitʃә/,n,"n. 自然, 大自然, 本性, 性格, 性质"
near,/niә/,adv & prep,"a. 近的, 近亲的, 近似的"
nearly,/'niәli/,adv,"adv. 几乎, 密切地"
neck,/nek/,n,"n. 脖子, 衣领, 颈"
need,/ni:d/,v,"n. 需要, 必须, 缺乏"
neighbour,/'neibә/,n,"n. 邻居, 邻接的东西, 邻国, 邻座, 邻人, 世人"
never,/'nevә/,adv,"adv. 从不, 决不, 不曾"
new,/nju:/,adj,"a. 新的, 陌生的, 最近的, 不熟悉的"
news,/nju:z/,n,"n. 新闻, 消息, 报导"
newsagent,/'nju:zeidʒәnt/,n,n. 报刊经销商
newspaper,/'nju:z.peipә/,n,n. 报纸
next,/'nekst/,adj & adv,n. 下一个
next to,,prep,几乎
nice,/nais/,adj,"a. 美好的, 和蔼的, 正派的, 做得好的, 精密的, 细微的, 挑剔的, 谨慎的"
night,/nait/,n,"n. 夜, 夜晚, 晚上, 黑暗, 夜晚的工作"
no,/nәu/,det & exclam,"n. 不, 拒绝, 否决票"
nobody,/'nәubɒdi/,pron,"n. 小人物, 无名小卒"
no one,/nəu wʌn/,pron,n. 没有人
noisy,/'nɒizi/,adj,"a. 嘈杂的, 喧闹的"
noon,/nu:n/,n,"n. 正午, 中午, 全盛期"
none,/nʌn/,pron,"adv. 一点也不, 毫不"
normal,/'nɒ:ml/,adj,"n. 常态, 标准, 正常, 普通"
north,/nɒ:θ/,"n, adj & adv","n. 北方, 北"
nose,/nәuz/,n,"n. 鼻子, 突出部分, 嗅觉"
not,/nɒt/,adv,"adv. 不, 非, 未"
note,/nәut/,n & v,"n. 笔记, 记录, 注解, 票据, 符号, 显要, 注重, 便笺, 照会"
nothing,/'nʌθiŋ/,pron,"n. 无, 不关紧要之事, 零"
now,/nau/,adv,"adv. 现在, 刚才, 目前"
nowhere,/'nәuhwєә/,adv,"adv. 无处, 到处都无"
number,/'nʌmbә/,n,"n. 数, 数字, 数目, 号码"
nurse,/nә:s/,n,"n. 护士, 保姆, 奶妈"
occupation,/.ɒkju'peiʃәn/,n,"n. 职业, 占有, 占有期, 占领, 占领军"
o'clock,/ә'klɔk/,adv,"n. ...点钟, 钟头"
of,/ɒv/,prep,"prep. 的, 属于"
of course (not),,adv,当然
off,/ɒf/,adv,"a. 关着的, 不再生效的, 处于...境况的, 休假的, 空闲的"
office,/'ɒfis/,n,"n. 办公室, 部, 公职, 职责"
often,/'ɒ:fn/,adv,"adv. 时常, 常常"
oil,/ɒil/,n,"n. 油, 石油, 油画颜料"
OK/okay,/'әu'kei/,exclam,"a. 好, 不错, 可以"
old,/әuld/,adj,"n. 以前, 往昔"
omelette,/'ɒmlit/,n,"n. 煎蛋卷, 炒蛋"
on,/ɒn/,prep & adv,prep. 在...之上
once,/wʌns/,adv,"adv. 一次, 曾经, 一旦"
one,/wʌn/,"pron, det & num",n. 一(个)
onion,/'ʌnjәn/,n,n. 洋葱
online,,adj & adv,[计] 联机
only,/'әunli/,adv & adj,"a. 唯一的, 仅有的, 最佳的"
open,/'әupәn/,adj & v,"n. 公开, 户外, 空旷"
opera,/'ɒpәrә/,n,n. 歌剧
opposite,/'ɒpәzit/,prep,"a. 相对的, 相反的, 对面的"
or,/ɒ:/,conj,"conj. 或, 或者"
orange,/'ɒ:rindʒ/,adj & n,"n. 柑橘, 桔子, 橘色"
order,/'ɒ:dә/,n,"n. 次序, 规则, 命令"
other,/'ʌðә/,det,"a. 其他的, 另外的, 从前的"
our,/'auә/,det,pron. 我们的
ours,/'auәz/,pron,pron. 我们的
ourselves,/.auә'selvz/,pron,pron. 我们自己
out,/aut/,adv,"a. 外面的, 熄灭的, 结束的"
outdoor,/'autdɒ:/,adj,"a. 户外的, 屋外的, 露天的"
outdoors,/'aut'dɒ:z/,adv,"n. 户外, 野外活动"
outside,/'aut'said/,prep & adv,"n. 外面, 外表, 外界"
over,/'әuvә/,prep & adv,"adv. 结束, 越过, 从头到尾"
over 60 people,,adv,超过60人
own,/әun/,adj,n. 自己的
to travel all over the world,,prep,环游世界
pack,/pæk/,v,"n. 包裹, 一伙, 一副, 背包, 包装"
page,/peidʒ/,n,"n. 页, 记录, 事件, 专栏, 男侍"
pain,/pein/,n,"n. 痛苦, 疼痛, 辛苦"
paint,/peint/,v & n,"n. 油漆, 颜料, 绘画作品, 涂漆"
pair,/pєә/,n,"n. 一双, 一对, 一副"
paper,/'peipә/,n & adj,"n. 纸, 文件, 文章, 报纸, 证券, 证件"
pardon,/'pɑ:dn/,exclam,"n. 原谅, 赦免"
parent,/'perәnt/,n,"n. 父母, 父母亲, 根源"
park,/pɑ:k/,n & v,"n. 公园, 停车处"
parrot,/'pærәt/,n,"n. 鹦鹉, 应声虫"
part,/pɑ:t/,n,"n. 部分, 局部, 零件, 要素, 等分, 职责, 角色, 部位"
party,/'pɑ:ti/,n,"n. 宴会, 党, 政党, 团体, 当事人, 聚会"
pass,/pæs/,v,"n. 经过, 要隘, 途径, 通行, 护照, 及格"
passenger,/'pæsindʒә/,n,"n. 乘客, 旅客"
passport,/'pæspɒ:t/,n,"n. 护照, 手段, 通行证"
past,/pɑ:st/,prep,"n. 过去, 昔时, 往事, 早年经历, 过去时"
pasta,/'pæstә/,n,n. 意大利面食
path,/pɑ:θ/,n,"n. 路径, 小路, 道路, 途径, 路线, 轨道"
pay,/pei/,v,"n. 薪资, 付款, 补偿"
pen,/pen/,n,"n. 钢笔, 笔, 笔调, 笔杆子, 作家, 围栏, 栅栏, 禽畜"
pence,/pens/,n pl,"pl. (非正式)copper便士, (美)分, 分币"
pencil,/'pensl/,n,"n. 铅笔, 色笔, 眉笔, 画笔, 光线束"
pencil case,,n,铅笔盒
pen-friend,,n,"n. 通信朋友, 笔友"
penny,/'peni/,n,"n. 便士, 一分, 小钱, 点滴"
people,/'pi:pl/,n pl,"n. 人, 人民, 民族, 平民"
pepper,/'pepә/,n,"n. 胡椒粉, 胡椒, 辣椒"
per,/pә:/,prep,"prep. 每一, 通过, 经, 按照"
perhaps,/pә'hæps/,adv,"adv. 也许, 大概"
person,/'pә:sn/,n,"n. 人, 人身, 人称"
pet,/pet/,n,"n. 宠物, 受宠爱的人, 宠坏的孩子, 不悦, 生气"
petrol,/'petrәl/,n,n. 汽油
petrol station,/ˈpetrəl ˈsteiʃən/,n,n. 加油站
pharmacy,/'fɑ:mәsi/,n,"n. 药房, 配药学, 制药业"
phone,/fәun/,v & n,"n. 电话, 受话器, 耳机"
photo(graph),/'fәutәu/,n,"n. 相片, 照片, 逼真的描绘"
photography,/fә'tɒgrәfi/,n,"n. 摄影, 摄影术"
piano,/pi'ɑ:nәu/,n,n. 钢琴
picnic,/'piknik/,n,"n. 野餐, 远足, 愉快的经历"
picture,/'piktʃә/,n,"n. 图画, 照片, 景色, 美丽如画的人(或物), 化身, 生动的描述, 想像, 形象思维"
piece,/pi:s/,n,"n. 块, 片, 篇, 碎片, 部分, 部件, 标准量"
pillow,/'pilәu/,n,"n. 枕头, 靠垫, 枕状岩"
pilot,/'pailәt/,n,"n. 飞行员, 领航员, 航船者, 导向器, 驾驶仪, 向导, 领导人"
pink,/piŋk/,adj,"n. 粉红色, 石竹花, 化身, 典范, 头面人物, 极度"
pity,/'piti/,n,"n. 遗憾, 同情, 怜悯, 憾事, 可惜"
pizza,/'pi:tsә/,n,n. 比萨饼
place,/pleis/,n,"n. 地方, 地点, 位置, 住所, 座位, 地位, 处境, 特权, 空间, 余地, 职务, 位"
plan,/plæn/,n & v,"n. 计划, 方案, 策略, 方法, 进度表, 程序表, 平面图, 设计图, 轮廓, 示意图"
plane,/plein/,n,"n. 平面, 扁平物, 机翼, 飞机, 水准, 地位"
plant,/plænt. plɑ:nt/,n,"n. 植物, 作物, 工厂, 树枝, 生长, 设施, 成套设备"
plastic,/'plæstik/,n & adj,"n. 塑料, 可塑体, 可塑性物质"
plate,/pleit/,n,"n. 碟, 盘子, 盆中物, 金属板, 图版, 金银餐具, 印版, 金属牌(照)"
platform,/'plætfɒ:m/,n,"n. 站台, 月台, 讲台, 论坛, 平台"
play,/plei/,v & n,"n. 游戏, 游玩, 玩笑, 运动, 比赛, 赌博, 跳动, 表演, 剧本"
to play football,,v,踢足球
to play the guitar,,v,弹吉他
a play at the theatre,,n,剧院里的戏剧
playground,/'pleigraund/,n,"n. 运动场, 操场, 度假胜地, 活动场所"
pleasant,/'pleznt/,adj,"a. 愉快的, 可爱的, 活泼的, 亲切的"
please,/pli:z/,v & exclam,adv. 请
I’m very pleased for you.,,v,我为你感到非常高兴。
p.m.,,adv,"下午, 午后"
pocket,/'pɒkit/,n,"n. 口袋, 钱袋, 钱, 容器"
point,/pɒint/,v,"n. 点, 小数点, 标点, 地点, 要点, 特点, 尖端, 分数, 得分, 穴位"
police,/pә'li:s/,n,"n. 警察, 警察当局, 治安"
police car,,n,[法] 警察巡逻车
police officer,/pəˈli:s ˈɔfisə/,n,n. 警察
police station,,n,警察分局
pool,/pu:l/,n,"n. 池, 水塘, 石油层, 联营"
quiz,/kwiz/,n,"n. 考查, 课堂测验, 恶作剧, 智力测验"
race,/reis/,n & v,"n. 种族, 人种, 赛跑, 比赛, 急流, 人类, 同道, 姜根"
poor,/puә. pɒ:/,adj,"a. 贫穷的, 贫乏的, 不幸的, 可怜的, 拙劣的, 卑鄙的"
pop,/pɒp/,n & adj,"n. 砰然声, 枪击, 含气饮料, 流行音乐, 通俗艺术"
popular,/'pɒpjulә/,adj,"a. 通俗的, 流行的, 受欢迎的, 大众的, 人民的, 普及的"
possible,/'pɒsәbl/,adj,"a. 可能的, 潜在的, 合适的"
post,/pәust/,v & n,"n. 柱, 杆, 准星, 邮件, 邮政, 标竿, 职位, 岗位, 哨所, 兵营"
postcard,/'pәustkɑ:d/,n,n. 明信片
post office,,n,邮局
poster,/'pәustә/,n,"n. 海报, 招贴, 驿马"
potato,/pә'teitәu/,n,n. 马铃薯
pound (£),/paund/,n,"n. 磅, 英镑, 重击, 鱼塘, 拘留所, 兽栏"
practice,/'præktis/,n,"n. 实践, 练习, 实行, 惯例, 习惯, 开业"
practise,/'præktis/,v,"v. 实践, 实行, 练习, 实习, 从事(职业)"
prefer,/pri'fә:/,v,"vt. 宁可, 较喜欢, 提出"
present,/'preznt/,n,"n. 现在, 礼品, 瞄准"
pretty,/'priti/,adj,"a. 漂亮的, 优美的, 机灵的, 狡猾的, 恰当的"
price,/prais/,n,"n. 价格, 代价, 价值"
prize,/praiz/,n,"n. 奖赏, 奖金, 奖品, 战利品, 捕获"
problem,/'prɒblәm/,n,"n. 问题, 难题"
programme,/'prәugræm/,n,"n. 节目, 节目单, 程序, 纲要, 大纲, 计划"
project,/'prɒdʒekt/,n,"n. 计划, 设计, 事业"
pull,/pul/,v,"vt. 拉, 拖, 拔, 牵, 撕开, 吸引"
pupil,/'pju:pl/,n,"n. 学生, 门生, 未成年人, 瞳孔"
purple,/'pә:pl/,adj,"n. 紫色, 帝位"
purse,/pә:s/,n,"n. 钱包, 小钱袋, 金钱, 募捐款, 囊状物"
push,/puʃ/,v,"n. 推, 推动, 奋斗, 攻击, 进取心"
put,/put/,v,"vt. 放, 摆, 安置, 移动, 发射, 投掷, 写上, 表达, 使从事, 使受到, 驱使, 赋予"
put on,,phr v,"把...放上去, 穿上, 假装, 增加, 上演, 使...上场, 使起作用, 施加于"
quarter,/'kwɒ:tә/,n,"n. 四分之一, 一刻钟, 季度, 地区"
queen,/'kwi:n/,n,"n. 王后, 女王"
question,/'kwestʃәn/,n,"n. 问题, 询问"
quick,/kwik/,adj,"a. 快的, 迅速的, 敏捷的, 灵敏的, 急速的"
quiet,/'kwaiәt/,adj,"n. 安静, 闲适, 平静"
quite,/kwait/,adv,"adv. 相当, 完全, 十分"
a running race,,n,跑步比赛
She raced her brother to the bus stop.,,v,她把哥哥赶到了公交车站。
racket,/'rækit/,n,"n. 球拍, 喧闹, 杂乱无章"
radio,/'reidiәu/,n,"n. 无线电, 收音机, 无线电报, 无线电广播, 无线电台"
railway,/'reilwei/,n,"n. 铁路, 轨道"
rain,/rein/,n & v,"n. 雨, 下雨, 雨天"
raincoat,/'reinkәut/,n,n. 雨衣
rap,/ræp/,n,"n. 轻敲, 拍击, 责骂, 无价值的东西"
rather,/'ræðә/,adv,"adv. 宁可, 稍微, 相当"
read,/ri:d/,v,"v. 读, 阅读, 理解"
ready,/'redi/,adj,"n. 预备好的状态, 现款"
real,/'riәl/,adj,"a. 真的, 真实的, 实际的, 实在的, 不动(产)的, 实数的"
really,/'riәli/,adv,"adv. 实际上, 真实地, 实在"
receptionist,/ri'sepʃәnist/,n,n. 接待员
red,/red/,adj,"a. 红的, 红色的, 红肿的, 流血的"
reggae,"/'re,^ei/",n,n. 雷盖
remember,/ri'membә/,v,"vt. 记得, 回忆起, 记住, 铭记, 纪念"
rent,/rent/,v,"n. 租金, 房租, 出租物, 裂缝, 破裂处, 分裂"
repair,/ri'pєә/,v,"n. 修理, 补救, 修复"
rest,/rest/,n & v,"n. 休息, 睡眠, 安息, 稍息, 静止, 支架, 休息处, 其余者, 剩余部分"
restaurant,/'restәrɒŋ/,n,"n. 餐馆, 饭店"
return,/ri'tә:n/,n & v,"n. 回来, 返回, 来回票, 归还, 报答, 利润率, 报告书"
my return from holiday,,n,我从假期回来
He returned home late.,,v,他回家晚了。
She returned her library books.,,v,她归还了图书馆的书籍。
rice,/rais/,n,"n. 米, 米饭, 稻"
rich,/ri:tʃ/,adj,"a. 富裕的, 富饶的, 浓厚的, 贵重的"
ride,/raid/,n & v,"n. 骑马, 乘坐, 乘车, 搭便车"
right,/rait/,"n, adj & adv","n. 权利, 右边, 正义, 右派, 公正"
He swam to the right.,,n,他向右游去。
your right hand,,adj,你的右手
That’s the right answer.,,adj,这是正确的答案。
Turn right here.,,adv,在这里右转。
river,/'rivә/,n,"n. 河, 江"
road,/rәud/,n,"n. 路, 道路, 公路, 途径, 方法"
roast,/rәust/,v & adj,"n. 烤肉, 烘烤, 嘲笑"
rock,/rɒk/,n,"n. 岩石, 岩礁, 石头, 基石, 暗礁, 摇动, 摇滚乐"
roof,/ru:f/,n,"n. 屋顶, 室顶"
room,/ru:m/,n,"n. 房间, 空位, 场所"
round,/raund/,adj,"n. 圆, 圆形物, 巡回, 循环, 一轮, 一回合, 一局, 范围, 轮唱"
roundabout,/'raundә.baut/,n,"a. 迂回的, 委婉的"
run,/rʌn/,v,"n. 跑, 赛跑, 奔跑, 奔跑的路程, 趋向, 流出, 运转时间, 连续"
sad,/sæd/,adj,"a. 忧愁的, 悲哀的"
safe,/seif/,adj,"n. 保险箱, 冷藏室"
sail,/seil/,v,"n. 帆, 篷, 帆船, 航程, 帆状物"
sailing,/'seiliŋ/,n,"n. 航行, 航海术, 启航"
salad,/'sælәd/,n,n. 色拉
sale,/seil/,n,"n. 出售, 卖, 拍卖, 销售额, 廉价出售"
salt,/sɒ:lt/,n,"n. 盐, 风趣, 刺激"
same,/seim/,adj & pron,"a. 相同的, 同样的"
at the same time,,adj,同时	tóngshí
Your watch is the same as mine.,,pron,你的手表和我的一样。
sandwich,/'sændwitʃ/,n,"n. 三明治, 夹心面包, 夹层板"
save,/seiv/,v,n. 救球
say,/sei/,v,"vt. 说, 讲, 念, 说明, 指明"
school,/sku:l/,n,"n. 学校, 鱼群, 门派, 学派"
screen,/skri:n/,n,"n. 幕, 银幕, 屏风, 掩蔽物, 屏蔽, 筛子"
scooter,/'sku:tә/,n,"n. 小型摩托车, 踏板车"
sea,/si:/,n,"n. 海, 海洋, 海浪, 大量"
seat,/si:t/,n,"n. 座, 座位, 位子, 席位, 所在地"
second,/'sekәnd/,n & adj,"n. 秒, 瞬间, 第二名, 支持者, 助手"
secretary,/'sekrәtәri/,n,"n. 秘书, 书记, 大臣"
see,/si:/,v,"vt. 看见, 查看, 参观, 游览, 理解, 知道, 同意"
sell,/sel/,v,"vt. 卖, 背叛, 销售, 出卖"
send,/send/,v,"vt. 发送, 使进入, 寄, 派遣, 发射, 使陷于"
sentence,/'sentәns/,n,"n. 句子, 命题, 宣判"
several,/'sevәrәl/,det & adj,"a. 几个的, 一些的, 各自的"
shall,/ʃæl/,v,aux. 将
shampoo,/ʃæm'pu:/,v & n,"n. 洗头, 洗发剂"
she,/ʃi:/,pron,pron. 她
sheet,/ʃi:t/,n,"n. 床单, 张, 纸张, 印刷品, 裹尸布, 薄片"
shelf,/ʃelf/,n,"n. 架子, 搁板"
ship,/ʃip/,n,"n. 船, 舰"
shirt,/ʃә:t/,n,"n. 衬衫, 内衣, 汗衫"
shoe,/ʃu:/,n,"n. 鞋, 靴, 外胎"
shop,/ʃɒp/,n & v,"n. 商店, 工厂, 车间"
shop assistant,/ʃɔp əˈsistənt/,n,n. 店员
short,/ʃɒ:t/,adj,"a. 短的, 近的, 矮的, 短期的, 简短的, 少量的"
shorts,/ʃɔ:ts/,n pl,"n. 短裤, (美)男人的短衬裤"
should,/ʃud/,v,"aux. 应该, 将要"
shout,/ʃaut/,v,"n. 呼喊, 喊声"
show,/ʃәu/,v & n,"n. 显示, 表现, 展览, 卖弄, 炫耀, 外观, 演出, 洋相"
Show me your photos.,,v,给我看看你的照片。
a film show,,n,电影放映
shower,/'ʃauә/,n,"n. 阵雨, 淋浴, 一阵, 展出者, 显示者"
shut,/ʃʌʃ/,v,n. 关闭
sick,/sik/,adj,n. 病人
side,/said/,n,"n. 旁边, 侧, 方面, 胁, 侧边, 血统"
silver,/'silvә/,n & adj,"n. 银, 银币, 银器"
since,/sins/,prep,"prep. 自...以后, 自...以来"
sincerely,/sin'siәli/,adv,adv. 真诚地
sing,/siŋ/,v,"vi. 唱, 唱歌, 演唱, 鸣, 啼"
single,/'siŋgl/,adj,"a. 单身的, 单程的, 单一的, 个别的, 孤独的, 专一的"
sister,/'sistә/,n,"n. 姐妹, 姐, 妹, 护士, 修女"
sit,/sit/,v,"vi. 坐, 就座, 坐落"
sit down,,phr v,"坐下, 占据, 参加静坐罢工(或示威)"
sitting room,,n,起居室
size,/saiz/,n,"n. 大小, 尺寸, 规模, 尺码, 能力, 浆料"
skate,/skeit/,v,"n. 溜冰, 冰鞋"
skateboard,/'skeitbɔ:d/,n,n. 溜冰板
ski,/ski:/,v,n. 滑雪橇
skirt,/skә:t/,n,"n. 裙子, 下摆, 边缘, 郊区"
sky,/skai/,n,"n. 天空, 天色, 天堂"
sleep,/sli:p/,v,"n. 睡眠, 静止, 昏迷, 麻木, 长眠, 冬眠"
slice,/slais/,n,"n. 薄的切片, 一部分, 菜刀"
slow,/slәu/,adj,"a. 慢的, 缓慢的, 迟缓的, 迟钝的, 冷漠的, 落后的"
small,/smɒ:l/,adj,"a. 小的, 少的, 小型的, 低微的, 小气的, 细微的"
smoke,/smәuk/,v,"n. 烟, 雾气, 烟熏剂, 抽烟, 烟色"
snack,/snæk/,n,"n. 小吃, 点心, 快餐"
snow,/snәu/,n & v,"n. 雪, 积雪, 下雪, 雪花形干扰"
snowboard,/'snәubɔ:d/,n,n. 滑雪板
snowboarding,/ˈsnəʊbɔ:dɪŋ/,n,v. 测雪板(snowboard的现在分词 )
so,/sәu/,conj & adv,"adv. 如此, 如是, 如...那样"
"So, I think it’s right.",,conj,所以，我认为这是对的。
"He ate too much, so he felt ill.",,conj,他吃得太多，所以他觉得不舒服。
He wanted to go but he didn’t say so.,,adv,他想去，但没说。
soap,/sәup/,n,"n. 肥皂, 阿谀"
sock,/sɒk/,n,"n. 短袜, 鞋垫, 一击"
sofa,/'sәufә/,n,n. 沙发
soft,/sɒft/,adj,"a. 软的, 温和的, 柔和的, 柔滑的, 温柔的, 软弱的, 坡度小的, 笨的, 纸币的"
some,/sʌm/,det & pron,"pron. 一些, 一部分, 若干"
somebody,/'sʌmbɒdi/,pron,"n. 了不起的人, 大人物"
someone,/'sʌmwʌn/,pron,"pron. 有人, 某人"
something,/'sʌmθiŋ/,pron,"pron. 某事, 某物"
sometimes,/'sʌmtaimz/,adv,"adv. 有时, 时常, 往往"
somewhere,/'sʌmhwєә/,adv,"adv. 到某处, 在某处"
son,/sʌn/,n,"n. 儿子, 女婿, 子孙"
song,/sɒŋ/,n,"n. 歌, 曲, 鸣声, 歌唱, 歌曲, 诗歌"
soon,/su:n/,adv,"adv. 不久, 早, 快, 宁可"
sorry,/'sɒri/,adj,"a. 难过的, 悲哀的, 遗憾的"
sound,/saund/,v,"n. 声音, 语音, 吵闹, 声调, 听力范围, 探条, 海峡"
soup,/su:p/,n,"n. 汤, 马力"
south,/sauθ/,"n, adj & adv","n. 南方, 南"
space,/speis/,n,"n. 位置, 空间, 距离, 太空, 空白, 间隔, (期刊等的)篇幅"
speak,/spi:k/,v,"vi. 说, 说话, 演说, 发言"
special,/'speʃәl/,adj,"n. 专辑, 专车, 号外, 特别的东西, 负有特别任务的人员"
spell,/spel/,v,"n. 符咒, 魅力, 轮值, 轮班, 工作时间, 一次发作"
spend,/spend/,v,"vt. 花费, 浪费, 度过, 消耗, 消磨"
spoon,/spu:n/,n,"n. 匙, 调羹, 匙形工具"
sport,/spɒ:t/,n,"n. 运动, 游戏, 娱乐, 消遣, 玩笑"
sports centre,/spɔ:ts ˈsentə/,n,"体育运动中心, 运动场"
spring,/spriŋ/,n,"n. 春天, 弹簧, 跳跃, 弹性, 活力, 泉, 源泉"
square,/skwєә/,n & adj,"n. 正方形, 街区, 广场, 平方, 直角尺"
stadium,/'steidiәm/,n,n. 露天大型运动场
staff,/stɑ:f/,n,"n. 全体人员, 工作班子, 棍棒, 杆, 拐杖, 支柱, 权杖"
stage,/steidʒ/,n,"n. 阶段, 舞台, 场所, 戏剧, 站, 驿站, 级, 层, 脚手架"
stairs,,n pl,n. 楼梯
stamp,/stæmp/,n,"n. 印, 邮票, 打印器, 戳子, 图章, 印花税票, 标志, 特征, 类型, 跺脚"
stand,/stænd/,v,"n. 站立, 站住, 停顿, 讲台, 看台, 立场, 法院证人席"
star,/stɑ:/,n & v,"n. 星, 恒星, 星形物, 运气, 明星"
start,/stɑ:t/,v,"n. 惊起, 出发, 开端, 起点, 吃惊, 有利条件"
station,/'steiʃәn/,n,"n. 车站, 站, 局, 驻地, 位置, 身分, 地位"
stay,/stei/,v,"n. 停留, 逗留, 制止, 延缓, 停止, 支柱, 支撑物, 支索"
steak,/steik/,n,"n. 牛排, 鱼排, 肉排"
steal,/sti:l/,v,vt. 剽窃；偷偷地做；偷窃；vi. 窃取；偷偷地行动；[棒球]偷垒；n. [口]偷窃；便宜货；偷垒；[篮球]断球
still,/stil/,adv,"n. 蒸馏室, 寂静, 剧照"
stomach,/'stʌmәk/,n,"n. 胃, 食欲, 欲望, 肚子"
stop,/stɒp/,n & v,"n. 停止, 车站, 逗留, 填塞, 障碍, (风琴的)音栓"
store,/stɒ:/,n,"n. 商店, 贮藏, 仓库, 备用品, 存储器"
storm,/stɒ:m/,n,"n. 暴风雨, 骚动, 风波, 风暴, 猛攻"
story,/'stɒ:ri/,n,"n. 故事, 小说, 传奇, 描述, 阅历, 经历, 层"
straight,/streit/,adj,"n. 直线, 直"
straight on,,adv,直开
strange,/streindʒ/,adj,"a. 奇怪的, 陌生的, 生疏的, 不熟悉的, 不可思议的, 外行的, 外地的, 异乡的"
street,/stri:t/,n,"n. 街道, 马路, 街区"
strong,/strɒŋ/,adj,"a. 强壮的, 坚固的, 坚强的, 强烈的, 有力的, 优良的"
student,/'stju:dnt/,n,"n. 学生, 研究者, 学者"
studies,,n pl,n. 研究；学习；学业（study的复数）
study,/'stʌdi/,v,"n. 学习, 研究, 学科, 论文, 求学, 书房, 试作"
subject,/'sʌbdʒekt/,n,"n. 科目, 主题, 臣民, 主语, 题目, (事物的)经受者, 学科, 受治疗者, 原因, 理由"
success,/sәk'ses/,n,"n. 成功, 成就, 胜利"
such,/sʌtʃ/,det & adj,"a. 如此的, 这样的"
suddenly,/'sʌdәnli/,adv,"adv. 突然, 意外, 忽然, 迅速, 即席作成, 即刻, 急速"
sugar,/'ʃugә/,n,"n. 糖, 糖块, 甜言蜜语"
suit,/sju:t. su:t/,n,"n. 套装, 诉讼, 请求, 起诉, 套, 组"
suitcase,/'sju:tkeis/,n,n. 手提箱
summer,/'sʌmә/,n,"n. 夏季, 全盛时期"
sun,/sʌn/,n,"n. 太阳, 日, 日光, 阳光"
sunny,/'sʌni/,adj,"a. 阳光充足的, 乐观的, 快乐的, 像太阳的"
supermarket,/'sju:pәmɑ:kit/,n,n. 超级市场
supper,/'sʌpә/,n,n. 晚餐
suppose,/sә'pәuz/,v,"vt. 推想, 假设, 以为, 想像, 假定"
sure,/ʃuә/,adj,"a. 确信, 必然的, 必定的"
surfboard,/'sә:fbɒ:d/,n,"n. 冲浪板, 用冲浪板滑水"
surfing,/'sә:fiŋ/,n,n. 冲浪运动
surname,/'sә:neim/,n,"n. 姓, 别号, 绰号"
surprise,/sә'praiz/,n,"n. 惊奇, 奇袭, 诧异"
surprised,/sә'praizd/,adj,a. 感到惊讶的
sweater,/'swetә/,n,"n. 毛衣, 毛线衫, 运动衫, 出汗者"
sweet,/swi:t/,n & adj,"n. 甜蜜, 糖果, 情人"
swim,/swim/,v,"n. 游泳, 漂浮, 潮流, 眩晕"
table,/'teibl/,n,"n. 桌子, 餐桌, 工作台, 铭文, 表格, 表, 高原, 平地层"
table-tennis,,n,n. 乒乓球
take,/teik/,v,"vt. 拿, 取, 抓, 带领, 获得, 就座, 接受, 吃, 吸引, 采取, 乘, 需要, 花费"
take off,,phr v,"拿掉, 取消, 脱下, 领走, 减去, 复制, 起飞, 离开, 岔开"
talk,/tɒ:k/,n & v,"n. 谈话, 交谈, 会谈, 讲话, 演讲, 空谈, 谣言, 方言, 语言"
tall,/tɒ:l/,adj,"a. 高的, 长的, 夸大的"
taxi,/'tæksi/,n,n. 出租车
tea,/ti:/,n,"n. 茶, 茶叶"
teach,/ti:tʃ/,v,"vt. 教, 讲授, 教导, 教育"
team,/ti:m/,n,"n. 队, 组"
teenager,/'ti:nidʒә/,n,n. 十三岁到十九岁的少年
telephone,/'telifәun/,n & v,"n. 电话, 电话机"
television,/'teli.viʒәn/,n,n. 电视
tell,/tel/,v,"vt. 告诉, 说, 吩咐, 断定, 知道"
temperature,/'temprәtʃә/,n,"n. 温度, 发烧, 热度"
tennis,/'tenis/,n,n. 网球
tent,/tent/,n,"n. 帐篷, 帷幕, 住处, 塞条, 塞子"
term,/tә:m/,n,"n. 术语, 专有名词, 期限, 学期, 任期, 条件, 价钱, 关系, 地位, 项, 界石"
terrible,/'terәbl/,adj,"a. 可怕的, 令人恐惧的, 极坏的"
test,/test/,n,"n. 测试, 试验, 化验, 检验, 考验, 甲壳"
text,/tekst/,n & v,"n. 文本, 正文, 课文, 主题, 圣经文句, 乐谱"
text book,,n,教科书
text message,/tekst ˈmesidʒ/,n,正文消息
than,/ðæn/,prep & conj,"conj. 比, 除...外"
thank,/θæŋk/,v,"n. 谢意, 感谢"
the,/ðә/,det,art. 那
theatre,,n,"n. 戏院, 电影院, 剧场, 全体观众, 戏剧, 戏剧效果, 阶梯式讲堂, 场所"
their,/ðєә/,det,pron. 他们的
theirs,/ðєәz/,pron,pron. 他们的
them,/ðem/,pron,"pron. 他们, 她们, 它们"
themselves,/ðәm'selvz/,pron,"pron. 他们自己, 她们自己, 它们自己"
then,/ðen/,adv,"adv. 然后, 当时"
there,/ðєә/,adv,adv. 在那里
these,/ði:z/,det & pron,pron. 这些
they,/ðei/,pron,"pron. 他们, 它们"
thin,/θin/,adj,"a. 薄的, 细的, 瘦的, 稀疏的, 稀薄的, 淡的, 弱的, 空洞的"
thing,/θiŋ/,n,"n. 事物, 东西, 物, 用品, 事, 事件, 情况, 行为, 特征"
think,/θiŋk/,v,"vt. 想, 考虑, 想起, 想像, 打算, 认为"
thirsty,/'θә:sti/,adj,"a. 口渴的, 渴望的, 干燥的"
this,/θis/,det & pron,"pron. 这, 本"
those,/ðәuz/,det & pron,pron. 那些
through,/θru:/,prep,"adv. 穿越, 从头至尾, 到底, 因为"
throw,/θrәu/,v,"vt. 投, 掷, 抛, 发射, 摔下, 匆匆穿上(或脱下), 抛弃, 摆脱"
thunderstorm,/'θʌndәstɒ:m/,n,n. 雷暴雨
ticket,/'tikit/,n,"n. 票, 券, 车票, 标签, 入场券, 证明书"
tidy,/'taidi/,adj & v,"n. 椅子的背罩, 装杂物的容器"
tidy up,,v,整理
tiger,/'taigә/,n,"n. 老虎, 虎, 凶暴的人"
tights,/taits/,n pl,n. 紧身衣裤
till,/til/,prep,"prep. 直到, 在...以前, 迄"
time,/taim/,n,"n. 时间, 时侯, 时机, 时期, 期限, 次数, 节拍, 暂停, 规定时间"
tired,/taiәd/,adj,"a. 疲累的, 疲乏的, 厌倦的"
to,/tu:/,prep,"prep. 到, 向, 趋于"
today,/tә'dei/,n & adv,"n. 今天, 当今, 现在"
together,/tә'geðә/,adv,"adv. 一起, 共同, 彼此"
toilet,/'tɒilit/,n,"n. 厕所, 梳妆"
tomato,/tә'mɑ:tәu/,n,"n. 番茄, 西红柿"
tomorrow,/tә'mɒ:rәu/,n & adv,"n. 明天, 未来"
tonight,/tә'nait/,n & adv,"n. 今晚, 今夜"
too,/tu:/,adv,"adv. 也, 非常, 太"
tooth,/tu:θ/,n,"n. 牙齿, 齿状物, 爱好"
toothbrush,/'tu:θbrʌʃ/,n,n. 牙刷
top,/tɒp/,n,"n. 顶部, 顶端, 极点, 上面, 上部, 顶篷, 最高地位, 首位, 陀螺"
total,/'tәutl/,adj & n,"a. 全体的, 总的, 全然的"
tour,/tuә/,n & v,"n. 旅游, 观光旅行, 任期"
tour guide,,n,"旅游向导,导游"
tourist,/'tuәrist/,n,"n. 观光客, 旅行者"
tourist information centre,,n,旅游信息中心
towel,/'tauәl/,n,"n. 手巾, 毛巾"
town,/taun/,n,"n. 城镇, 市, 镇"
toy,/tɒi/,n,"n. 玩具, 小玩艺儿, 小型的东西, 消遣"
traffic,/'træfik/,n,"n. 交通, 通行, 运输, 交通量, 贸易, 交易, 交往, 通信量"
traffic lights,,n pl,红绿灯
train,/trein/,n,"n. 火车, 列车, 行列, 长队, 一连串的后果, 顺序"
trainers,,n pl,n. 训练员；运动鞋；练习器（trainer的复数）
tram,/træm/,n,"n. 电车轨道, 煤车, 纬纱, 纬丝"
travel,/'trævl/,v,"n. 旅行, 游历, 行进"
travel agent,,n,旅行代理人
tree,/tri:/,n,"n. 树, 木料, 树状物"
trip,/trip/,n,"n. 旅行, 绊倒, 摔倒, 失足, 差错, 旅程"
trouble,/'trʌbl/,n,"n. 烦恼, 麻烦, 困难, 动乱, 故障"
trousers,/'trauzәz/,n pl,"pl. 裤子, 长裤"
try,/trai/,v,"n. 尝试, 试验, 审理, 审判"
try on,,phr v,"试穿, 试验"
T-shirt,"/'ti:,ʃә:t/",n,"n. 圆领汗衫, T恤"
turn,/tә:n/,v,"n. 转弯, 转动, 旋转, 翻转, 一圈, 顺次, 改动, 变化, 性格, 特色, 形状, 转折"
turn off,,phr v,"关掉, 卖掉, 使转变方向, 解雇, 生产, 制造, 车削成, 使厌烦, 拐弯, 变成"
turn on,,phr v,"开, 开始, 变得兴奋, 突然显出"
twice,/twais/,adv,"adv. 两次, 两倍"
type,/taip/,n,"n. 类型, 样式, 典型, 榜样, 标志, 符号, 型, 式"
tyre,/'taiә/,n,n. 轮胎
umbrella,/ʌm'brelә/,n,"n. 伞, 雨伞, 保护伞"
uncle,/ʌŋkl/,n,"n. 叔父, 伯父, 姨丈"
under,/'ʌndә/,prep,"prep. 在...之下, 低于"
underground,/'ʌndәgraund/,n & adj,"n. 地下, 地铁, 地道, 秘密活动"
understand,/.ʌndә'stænd/,v,"vt. 理解, 了解, 领会, 听说, 懂"
uniform,/'ju:nifɒ:m/,n,n. 制服
university,/.ju:ni'vә:siti/,n,n. 大学
until,/әn'til/,prep,"prep. 直到, 在...以前"
up,/ʌp/,prep & adv,"a. 向上的, 起床的, 涨的"
upstairs,/'ʌp'stєәz/,adv,a. 楼上的
us,/ʌs/,pron,pron. 我们
use,/ju:s/,v,"n. 使用, 习惯, 使用价值, 用法, 使用权"
useful,/'ju:sful/,adj,"a. 有用的, 有益的"
usual,/'ju:ʒuәl/,adj,"a. 平常的, 通常的"
v / versus,/vi:/,prep,"[计] 溢出, 变量, 向量, 检验, 虚拟, 垂直"
variety,/vә'raiәti/,n,"n. 多样, 种类, 变种, 杂耍"
vegetable,/'vedʒәtәbl/,n,"n. 蔬菜, 植物, 无精打采之人"
very,/'veri/,adv,"a. 真正的, 恰好的, 十足的, 特有的"
video,/'vidiәu/,n,"n. 影像, 电视"
video recorder,,n,[计] 录象机
village,/'vilidʒ/,n,n. 村庄
violin,/.vaiә'lin/,n,n. 小提琴
visit,/'vizit/,v,"n. 拜访, 访问, 游览, 视察"
visitor,/'vizitә/,n,"n. 参观者, 游客, 访客"
volleyball,/'vɒlibɒ:l/,n,n. 排球
wait,/weit/,v,"n. 等待, 等候"
waiter,/'weitә/,n,n. 侍者
waitress,/'weitris/,n,"n. 女侍者, 女服务员"
wake up,,phr v,醒来
walk,/wɒ:k/,v,"n. 走, 散步, 步行, 行走的路程, 竞走, 散步场所"
wall,/wɒ:l/,n,"n. 墙, 墙壁, 垣, 内壁, 分界物, 屏障"
wallet,/'wɒlit/,n,n. 皮夹
want,/wɒnt/,v,"n. 需要的东西, 缺乏, 贫困, 需要"
warm,/wɒ:m/,adj,"a. 暖和的, 暖的, 温暖的, 热烈的, 兴奋的, 激烈的, 多情的, 色情的"
wash,/wɒʃ/,v,"n. 洗, 洗涤, 冲洗, 洗的衣服, 冲积物, 洼地"
wash up,,phr v,"洗手洗脸, 洗餐具"
watch,/wɒtʃ/,n & v,"n. 观察, 手表, 看守, 守护, 监视, 值班人"
water,/'wɒ:tә/,n,"n. 水, 雨水, 海水, 水位, 水面, 流水"
way,/wei/,n,"n. 路, 路线, 路途, 方法, 道路, 情形, 规模, 习惯, 行业, 方面"
we,/wi:/,pron,pron. 我们
wear,/wєә/,v,"n. 穿着, 戴, 使用, 耗损, 服装, 耐久性"
weather,/'weðә/,n,"n. 天气, 气象, 处境"
website,,n,n. 网站（全球资讯网的主机站）
wedding,/'wediŋ/,n,"n. 婚礼, 结婚, 结婚周年纪念日, 结合"
week,/wi:k/,n,"n. 星期, 周"
weekday,/'wi:kdei/,n,"n. 周日, 平日"
weekend,/'wi:kend/,n,"n. 周末, 周末休假"
weekly,/'wi:kli/,adj & adv,"n. 周刊, 周报"
welcome,/'welkәm/,v,"n. 欢迎, 欢迎词"
well,/wel/,adv & adj,"n. 井, 泉水, 源泉, 好"
west,/west/,"n, adj & adv","n. 西方, 西部"
wet,/wet/,adj,"n. 湿气, 潮湿, 水分, 雨天"
whale,/hweil/,n,n. 鲸
what,/hwɒt/,det & pron,pron. 什么
wheel,/hwi:l/,n,"n. 轮子, 车轮, 轮, 方向盘, 旋转, 机构, 重要人物"
when,/hwen/,adv,conj. 当...的时候
where,/hwєә/,adv,adv. 在哪里
which,/hwitʃ/,det & pron,"pron. 哪一个, 那一个"
while,/hwail/,conj,"n. 一会儿, (一段)时间"
white,/hwait/,adj,"n. 白色, 洁白, 眼白, 白种人, 蛋白"
who,/hu:/,pron,pron. 谁
whole,/hәul/,adj & n,"n. 全部, 全体, 整体, 完全之体系"
the whole world,,adj,到世界各地。
the whole of July,,n,整个7月
whose,/hu:z/,pron,pron. 谁的
why,/hwai/,adv,adv. 为什么
wife,/waif/,n,"n. 妻子, 太太, 夫人"
wild,/waild/,adj,"n. 荒野, 荒地"
will ('ll),/wil/,v,"n. 意志, 决心, 意愿, 意向, 干劲, 遗嘱"
win,/win/,v,"vt. 赢得, 打胜, 成功"
wind,/wind/,n,"n. 风, 气息, 气味, 呼吸, 风声, 趋势, 空谈, 卷绕, 弯曲"
window,/'windәu/,n,"n. 窗户, 窗子, 窗口"
windsurfing,/'wind.sә:fiŋ/,n,n. [体]帆板运动
windy,/'windi/,adj,"a. 多风的, 风强的, 腹胀的, 吹牛的"
winter,/'wintә/,n,"n. 冬季, 萧条期, 衰退期"
wishes,/wiʃiz/,n pl,n. （书信或贺卡等中的）祝愿( wish的名词复数 ); 渴望; 希望的事; 许愿
with,/wið/,prep,"prep. 和...在一起, 以, 由于"
without,/wi'ðaut/,prep,"prep. 没有, 不, 在...之外"
woman,/'wumәn/,n,"n. 女人, 妇女, 女仆"
wonderful,/'wʌndәful/,adj,"a. 令人惊奇的, 奇妙的, 极好的"
wood,/wud/,n,"n. 木材, 木制品"
wool,/wul/,n,"n. 羊毛, 毛织物, 毛线, 绒线"
word,/wә:d/,n,"n. 话, 消息, 词, 诺言, 命令"
work,/wә:k/,n & v,"n. 工作, 劳动, 职业, 行为, 功, 作品, 成果, 产品, 工程"
world,/wә:ld/,n,"n. 世界, 地球, 宇宙, 万物, 世人, 人间, 领域, 世事, 世故, 社会生活, 大量"
worry,/'wʌri/,v,"n. 担心, 烦恼, 忧虑, 苦恼, 撕咬"
would,/wud/,v,"aux. 将, 愿意"
write,/rait/,v,"vt. 书写, 著述, 写, 写满, 写信给"
write down,,phr v,"写下, 写文章贬低, 降低地位, 减低帐面价值"
wrong,/rɒŋ/,adj,"a. 错误的, 不正当的, 失常的"
year,/jiә/,n,"n. 年, 年度, 年龄"
yellow,/'jelәu/,adj,n. 黄色
yes,/jes/,exclam,adv. 是
yesterday,/'jestәdi/,n & adv,n. 昨天
yet,/jet/,adv,"adv. 还, 尚, 仍然, 已经, 然而"
you,/ju:/,pron,"pron. 你, 你们"
young,/jʌŋ/,adj,"a. 年轻的, 无经验的, 朝气蓬勃的"
your,/juә/,det,"pron. 你的, 你们的"
yours,/juәz/,pron,"pron. 你的(东西), 你们的(东西)"
yourself,/juә'self/,pron,pron. 你自己
zero,/'ziәrәu/,n,"n. 零, 零点, 零度, 无, 乌有, 最低点"
zoo,/zu:/,n,n. 动物园
